cheese,milk,country,type,texture,rind,color,flavor,aroma,vegetarian,vegan
2,4,72,47,11,10,16,596,49,0,0
3,18,35,39,114,7,16,69,226,1,0
9,4,31,38,99,7,11,470,0,1,0
11,4,35,39,93,7,11,488,57,0,0
15,18,74,21,199,10,15,71,158,1,0
0,4,14,47,240,9,8,135,70,0,0
1,4,14,38,262,9,16,10,304,0,0
20,4,77,21,186,7,11,571,263,0,0
22,4,77,2,261,7,2,274,257,1,0
23,5,77,2,261,7,2,275,285,1,0
24,13,77,2,261,2,2,251,257,1,0
25,13,77,2,261,2,7,276,285,1,0
26,4,77,2,261,6,6,272,80,1,0
30,4,77,21,122,5,4,80,158,1,0
31,13,68,48,139,9,15,210,181,1,0
32,4,63,48,279,11,11,367,204,1,0
34,4,74,20,94,9,16,596,0,0,0
36,13,74,13,283,9,10,598,105,1,0
38,4,72,1,279,7,6,81,256,1,0
39,4,40,20,250,7,16,488,279,0,0
41,4,6,21,250,7,16,468,238,0,0
42,4,6,21,250,7,16,589,300,0,0
43,4,6,21,8,7,16,517,38,0,0
44,4,6,21,8,7,16,517,38,0,0
45,4,6,21,257,7,4,519,0,0,0
46,4,71,30,273,10,14,171,175,0,0
47,4,52,47,59,2,15,55,241,0,0
48,4,77,39,223,10,16,85,168,1,0
49,13,35,61,194,10,15,407,0,0,0
52,4,6,39,147,7,16,91,162,1,0
59,4,77,57,279,9,16,597,228,0,0
61,4,77,21,265,7,11,402,191,0,0
68,10,48,27,189,0,16,110,135,1,0
69,14,24,17,4,7,15,252,68,1,0
72,4,77,39,225,10,15,258,122,1,0
73,4,67,39,195,2,8,472,247,1,0
78,4,72,21,250,10,15,347,304,0,0
79,4,77,21,160,11,16,499,260,1,0
80,4,31,21,192,7,6,436,308,1,0
81,4,31,38,189,7,16,574,294,1,0
85,13,50,39,259,7,15,489,304,1,0
86,13,50,39,259,7,15,452,207,1,0
87,6,3,47,168,7,15,441,228,1,0
88,5,35,48,138,7,15,592,116,0,0
96,9,35,38,279,7,11,465,90,0,0
97,4,67,20,75,7,9,397,228,1,0
100,4,72,61,279,7,11,502,29,0,0
101,5,35,14,93,9,15,0,229,0,0
103,4,14,21,101,3,14,346,71,1,0
107,4,35,38,279,11,4,144,284,1,0
109,4,35,62,275,10,11,588,279,0,0
112,4,46,38,250,7,11,31,127,0,0
114,4,14,47,93,10,8,17,100,0,0
118,4,30,20,93,7,16,597,211,1,0
121,4,77,21,160,7,11,75,33,1,0
130,4,63,21,93,3,15,574,30,0,0
141,14,44,38,233,9,15,512,268,0,0
143,4,40,21,202,7,11,370,33,0,0
145,4,50,21,65,11,16,386,208,1,0
147,4,35,33,160,7,11,210,168,0,0
148,4,35,47,160,10,11,544,46,0,0
150,4,9,38,127,7,16,441,299,0,0
158,4,4,61,160,9,16,210,255,0,0
166,4,35,38,279,10,15,595,0,0,0
168,4,31,21,105,7,16,266,42,1,0
170,4,35,38,178,7,3,441,4,0,0
178,4,77,21,160,7,11,579,289,1,0
181,13,77,48,160,6,15,570,157,1,0
183,18,77,39,199,9,16,108,194,1,0
186,4,74,20,15,9,16,32,285,0,0
187,13,4,39,250,1,11,441,127,1,0
189,4,78,20,67,7,4,553,144,1,0
191,9,71,21,279,7,16,25,181,0,0
199,4,19,20,94,8,16,287,0,1,0
210,13,77,39,259,11,15,263,191,0,0
222,4,14,20,259,9,14,3,40,0,0
223,4,14,57,259,9,5,459,49,0,0
224,4,14,38,259,9,11,3,141,1,0
229,9,18,21,199,7,11,338,117,1,0
232,4,14,38,250,9,11,310,66,0,0
236,4,74,20,93,11,11,336,154,1,0
243,4,47,38,117,9,15,596,304,0,0
244,4,77,12,225,9,15,209,127,1,0
262,13,74,34,279,1,10,202,228,1,0
273,5,77,39,93,6,14,247,242,0,0
288,0,77,5,248,7,0,572,112,0,0
289,9,70,13,93,9,15,442,127,0,0
292,4,31,39,250,10,11,427,256,1,0
293,4,35,80,279,10,16,66,286,0,0
294,4,7,47,166,7,11,133,181,0,0
298,4,77,39,127,7,11,149,101,0,0
302,13,35,14,279,7,15,355,0,0,0
306,13,35,61,126,7,8,5,280,0,0
316,7,52,48,88,7,11,441,87,1,0
317,4,77,48,160,7,11,556,36,1,0
318,4,76,20,189,7,15,200,127,1,0
319,4,50,39,250,2,3,383,285,1,0
321,18,67,21,211,7,8,74,0,1,0
326,4,35,62,281,7,11,596,66,0,0
327,4,35,74,168,7,16,553,17,1,0
333,6,14,23,210,7,16,366,153,0,0
335,4,12,0,204,9,16,588,0,1,0
338,4,35,39,250,7,11,278,174,0,0
340,13,14,48,60,10,11,20,189,1,0
343,13,14,28,211,7,11,521,190,1,0
347,13,77,22,250,10,11,506,261,0,0
353,13,52,21,67,7,14,565,126,0,0
354,4,77,39,225,7,16,491,87,1,0
358,4,50,39,259,11,6,462,249,1,0
360,4,52,21,87,7,11,524,5,0,0
364,4,67,26,93,4,4,180,87,1,0
365,4,6,39,93,7,9,220,18,0,0
371,14,65,48,3,7,11,585,0,1,0
372,6,70,20,250,7,16,47,285,0,0
379,4,6,21,79,7,11,237,27,1,0
384,4,77,18,23,9,15,262,145,1,1
385,4,74,48,93,10,16,359,279,1,0
387,13,31,14,93,7,15,193,96,1,0
388,13,35,48,93,2,15,551,181,0,0
389,13,35,62,259,7,15,536,181,0,0
390,4,72,20,116,10,11,174,263,0,0
399,4,77,39,180,7,11,569,268,0,0
400,4,30,20,67,7,11,290,304,0,0
401,4,77,39,160,7,15,416,87,1,0
402,4,50,39,279,10,11,357,280,0,1
403,4,50,39,250,7,11,357,171,1,0
404,4,17,8,262,7,15,442,127,1,0
407,4,74,20,189,3,9,309,201,0,0
408,13,77,13,108,9,15,181,141,1,0
412,13,31,14,160,7,15,191,121,1,0
414,9,52,48,160,7,11,588,239,0,0
417,4,77,21,250,10,11,527,285,1,0
418,4,77,39,250,7,11,558,49,1,0
423,13,35,14,171,9,15,598,181,0,0
424,5,14,13,288,9,15,344,12,1,0
434,4,12,38,241,7,16,43,127,0,0
435,4,30,1,160,9,11,308,256,1,0
438,4,77,38,256,9,16,596,239,0,0
441,18,12,39,150,7,11,280,223,1,0
445,4,35,38,11,10,16,472,256,0,0
446,4,35,20,250,7,16,336,256,0,0
448,4,52,20,75,7,11,565,0,0,0
450,4,77,39,127,7,15,341,159,1,0
452,4,50,21,210,11,11,348,250,0,0
457,4,30,48,38,9,15,258,62,1,0
458,4,30,48,48,6,8,210,285,1,0
459,4,30,48,93,6,8,210,285,1,0
460,4,30,34,180,5,11,384,178,1,0
463,4,33,39,210,11,11,15,127,1,0
468,4,77,47,96,9,15,495,137,0,0
470,4,14,21,94,7,11,495,304,0,0
471,4,33,21,129,7,15,130,285,1,0
473,13,77,48,101,9,15,555,78,1,0
479,4,77,18,176,9,15,258,150,1,0
482,4,30,39,266,10,11,210,253,0,0
492,4,57,33,279,10,11,554,304,0,0
498,4,77,56,103,3,11,123,15,0,0
500,4,52,39,11,0,8,557,236,0,0
501,4,30,20,180,9,11,0,129,0,0
511,4,61,20,279,11,3,177,63,1,0
519,4,37,38,219,7,11,175,285,0,0
530,5,77,34,93,2,8,357,158,1,0
531,13,77,48,93,7,8,470,175,1,0
537,13,77,48,93,9,8,470,175,1,0
543,4,35,39,137,7,14,564,0,0,0
544,13,68,21,210,7,11,420,181,1,0
545,4,46,61,147,10,16,510,37,0,0
546,4,74,48,93,7,11,596,285,1,0
547,4,74,62,189,7,11,557,127,1,0
551,4,30,20,35,7,13,39,55,0,0
552,4,77,39,129,7,14,471,0,1,0
557,4,52,31,0,7,14,359,0,1,0
560,13,77,2,190,3,8,178,291,1,0
562,4,50,39,196,7,16,249,181,1,0
567,4,35,62,290,11,15,358,285,0,0
571,14,35,61,290,7,6,594,304,0,0
572,4,72,20,67,1,16,596,87,0,0
574,13,35,62,285,7,8,433,228,1,0
575,4,72,20,259,7,16,97,53,0,0
576,13,14,8,250,7,15,596,127,0,0
578,13,14,61,284,10,8,350,38,0,0
588,6,23,21,147,7,6,213,50,1,0
590,4,55,38,238,11,16,472,138,1,0
593,4,30,20,93,6,16,506,87,1,0
596,13,35,62,279,7,15,596,207,0,0
597,4,77,14,250,9,2,393,180,1,0
599,4,31,48,284,10,11,588,279,1,0
601,13,77,21,250,6,11,50,188,0,0
605,4,78,21,259,7,15,163,205,0,0
606,4,43,21,203,7,16,205,225,1,0
609,4,67,20,250,10,15,488,255,1,0
610,13,30,47,199,10,9,596,181,0,0
612,4,77,38,256,9,9,469,284,0,0
616,4,35,47,243,7,4,469,268,0,0
618,4,18,14,93,7,15,281,11,0,0
619,4,31,48,148,10,11,387,34,1,0
621,4,31,39,279,10,11,573,294,1,0
624,13,77,2,261,7,2,274,256,1,0
627,4,4,21,36,3,14,317,191,0,0
628,4,4,21,180,7,11,438,181,1,0
629,4,4,39,191,7,6,455,263,0,0
630,4,4,21,103,11,16,46,294,1,0
631,4,4,39,127,7,16,297,299,1,0
633,4,4,39,259,7,11,242,217,1,0
634,4,4,21,180,7,11,243,60,1,0
637,4,70,39,189,10,11,155,263,0,0
638,4,30,47,46,10,12,396,45,1,0
639,4,42,39,94,7,15,210,127,1,0
642,4,16,48,61,10,8,121,108,0,0
644,4,4,41,214,5,11,239,192,1,0
645,4,6,39,127,7,11,354,128,1,0
646,13,4,14,160,5,15,236,19,1,0
648,9,69,21,93,7,11,531,152,0,0
649,4,74,27,259,9,4,210,285,1,0
651,4,77,21,94,3,8,210,86,1,0
654,4,27,39,129,11,11,598,304,0,0
658,4,4,21,7,7,3,574,295,1,0
660,4,52,13,30,9,15,102,127,0,0
663,4,33,21,180,3,11,592,286,0,0
670,13,77,15,242,9,15,8,127,0,0
672,4,30,20,261,10,16,422,134,1,0
673,4,57,47,250,7,11,133,285,0,0
680,4,74,38,177,10,9,165,0,1,0
681,4,4,20,110,7,16,124,304,0,0
683,13,77,14,160,7,15,21,81,1,0
685,4,77,38,93,10,11,320,285,1,0
686,9,77,39,180,7,11,92,74,1,0
698,4,35,38,250,7,9,60,118,0,0
699,4,12,48,271,9,15,65,141,0,0
705,4,23,39,212,7,15,403,0,1,0
707,4,27,39,250,11,11,552,127,0,0
716,4,52,33,93,10,15,465,31,0,0
721,4,52,34,147,7,11,144,145,0,0
722,4,74,21,93,7,16,494,285,0,0
730,4,77,21,250,7,8,203,191,0,0
731,4,77,39,94,7,11,160,306,1,0
735,4,50,29,197,7,3,508,139,1,0
739,13,4,21,250,7,8,525,307,1,0
740,4,6,39,160,7,11,271,22,1,0
741,4,6,39,68,7,16,218,36,1,0
742,4,77,48,232,10,16,364,72,0,0
744,4,30,38,93,11,7,384,177,1,0
745,4,30,38,93,11,6,572,294,1,0
750,13,77,13,108,9,15,181,141,1,0
751,4,63,47,284,7,16,158,191,1,0
753,5,77,38,95,7,11,13,269,1,0
754,9,30,21,94,7,8,441,304,1,0
758,4,35,61,279,10,15,556,27,1,0
766,4,14,20,199,10,9,115,171,1,0
770,0,4,19,171,7,15,210,249,1,0
773,4,4,81,250,1,15,281,309,1,0
774,4,4,39,60,9,11,471,228,1,0
775,4,4,13,250,10,15,210,156,0,0
784,13,78,13,93,9,15,428,287,0,0
785,4,6,39,93,7,11,574,295,0,0
788,4,35,39,93,7,14,596,127,0,0
791,14,35,61,132,9,11,565,264,0,0
792,4,35,62,279,7,15,584,127,0,0
796,4,14,20,199,10,11,176,304,0,0
834,4,74,48,189,10,16,593,285,0,0
842,4,6,39,93,7,16,297,203,0,0
845,4,76,47,161,9,15,180,304,1,0
848,13,35,61,285,7,6,22,304,1,0
849,4,35,38,285,7,8,212,0,0,0
851,4,77,38,67,7,11,455,128,1,0
860,13,35,62,259,7,15,586,188,1,0
867,4,77,38,147,7,16,463,185,0,0
868,4,72,20,279,7,15,596,33,0,0
870,4,77,39,94,7,11,574,122,1,0
871,4,30,20,71,3,11,24,58,0,0
877,4,77,21,251,11,16,117,288,0,0
882,5,35,62,279,7,15,404,207,1,0
883,4,4,58,160,10,15,565,87,0,0
885,4,74,28,94,2,16,562,127,0,0
888,4,35,47,160,10,11,30,304,0,0
889,4,9,39,180,10,4,359,254,0,0
892,4,77,21,104,7,16,498,193,1,0
895,4,71,47,93,7,16,547,33,0,0
899,4,35,39,280,7,14,506,0,0,0
906,4,9,14,93,7,15,81,152,0,0
910,4,77,21,127,7,11,89,171,1,0
914,4,52,39,250,7,11,598,268,0,0
919,13,77,13,166,9,15,224,0,1,0
921,13,77,13,108,9,15,315,0,1,0
922,5,18,40,94,6,11,381,285,0,0
923,4,4,29,106,7,11,26,192,0,0
926,4,71,47,93,7,16,547,33,0,0
929,4,33,39,250,6,7,405,207,1,0
941,4,35,38,83,10,13,354,145,0,0
942,4,77,21,89,7,11,233,28,1,0
944,4,27,38,292,11,16,501,181,0,0
952,4,72,20,233,7,7,0,207,0,0
961,4,77,20,93,9,11,119,152,1,0
962,4,77,20,93,7,5,141,259,1,0
963,13,77,34,93,9,11,460,235,0,0
965,9,77,39,93,7,11,506,106,0,0
966,4,77,20,250,9,15,349,94,1,0
967,4,77,21,171,7,11,417,215,0,0
968,4,77,20,93,7,11,348,169,0,0
969,4,77,38,93,7,11,267,258,0,0
973,4,77,34,250,7,11,575,297,1,0
974,4,77,21,93,7,16,120,224,1,0
975,4,77,21,94,9,11,266,285,0,0
976,4,77,39,112,7,11,218,170,0,0
977,4,77,21,93,7,11,98,169,1,0
978,4,77,21,255,7,11,347,169,0,0
980,4,72,21,229,7,16,77,36,0,0
985,4,74,27,93,8,11,298,256,0,0
987,4,77,21,234,7,11,550,117,1,0
988,5,77,39,213,7,11,88,268,1,0
994,4,32,20,191,7,16,375,288,0,0
1000,4,77,14,264,9,8,391,130,1,0
1001,4,77,39,93,7,15,567,127,0,0
1004,4,31,39,93,7,15,426,127,1,0
1005,4,31,39,93,7,15,234,179,1,0
1008,4,77,21,250,9,11,592,285,1,0
1013,4,4,0,93,10,15,449,232,1,0
1015,4,74,38,94,10,16,339,135,1,0
1017,4,74,38,160,7,9,210,285,1,0
1018,4,77,21,160,7,16,235,127,0,0
1025,4,19,61,93,8,16,287,246,1,0
1028,4,74,20,94,7,11,149,181,0,0
1029,1,39,33,222,7,16,542,294,0,0
1033,4,77,39,199,7,11,507,237,1,0
1037,4,74,26,94,10,11,312,217,0,0
1043,4,74,20,1,9,9,488,230,0,0
1047,4,67,20,78,11,11,339,59,0,0
1048,4,30,61,19,10,16,372,279,0,0
1062,4,31,21,160,6,16,443,57,1,0
1069,4,77,39,180,7,11,291,89,1,0
1090,1,39,33,222,10,14,542,145,1,0
5,4,35,50,116,10,15,34,44,0,0
8,4,35,50,284,10,11,474,117,0,0
10,18,26,21,250,7,11,53,145,0,0
16,4,71,52,93,7,0,541,304,1,0
21,1,77,2,261,7,0,245,285,1,0
35,4,74,47,156,7,0,415,301,0,0
37,4,74,78,171,10,9,92,96,0,0
55,4,77,49,180,10,15,598,252,0,0
58,4,77,48,154,10,14,485,96,1,0
60,4,35,50,279,10,15,157,164,0,0
62,18,35,1,101,7,6,469,132,0,0
64,4,48,73,176,9,11,283,309,1,0
74,14,44,32,180,7,15,552,304,0,0
82,13,77,48,101,9,15,594,310,1,0
84,4,50,54,57,10,16,11,108,1,0
89,4,71,63,93,6,8,596,147,0,0
91,4,77,52,94,7,14,400,111,1,0
93,4,52,47,160,7,15,506,127,0,0
99,4,34,52,93,6,11,540,127,0,0
119,4,35,61,236,7,15,530,228,0,0
120,4,77,40,39,7,16,453,47,0,0
123,4,67,47,93,7,0,359,304,1,0
124,4,30,62,160,8,11,146,195,1,0
125,4,30,62,160,9,8,472,101,0,0
131,18,31,62,231,6,15,143,38,1,0
132,18,52,52,93,7,16,596,158,0,0
134,4,40,47,85,7,11,543,294,0,0
135,18,35,47,235,10,15,149,64,1,0
139,4,33,63,160,7,4,210,75,0,0
142,4,40,68,171,6,4,292,33,0,0
144,4,77,40,114,7,4,126,202,0,0
149,4,30,68,160,9,11,210,279,0,0
157,18,30,68,279,7,15,421,127,1,0
165,18,77,49,106,6,11,69,227,1,0
173,6,73,54,259,9,10,23,274,1,0
176,6,65,48,133,7,8,139,181,0,0
179,4,77,35,35,9,8,155,228,1,0
180,18,77,42,250,7,8,378,278,1,0
188,4,74,68,176,8,9,306,285,1,0
192,4,14,49,101,7,11,285,252,0,0
196,4,35,48,160,7,8,109,304,0,0
197,4,35,68,160,7,0,548,87,0,0
193,4,35,52,93,1,15,477,304,1,0
194,4,14,49,94,7,4,482,114,0,0
198,4,14,68,170,6,4,253,279,0,0
201,4,52,68,171,11,15,279,172,0,0
202,9,52,68,285,5,8,302,287,0,0
203,19,52,35,94,7,4,35,145,0,0
204,17,74,61,175,6,0,256,248,1,1
206,4,27,61,160,10,0,81,299,1,0
207,6,56,52,93,7,0,541,303,0,0
208,4,74,47,93,7,0,371,0,1,0
211,13,77,52,113,7,14,598,181,1,0
212,13,50,48,94,7,8,163,217,1,0
213,4,4,52,113,7,0,536,303,0,0
214,4,30,24,62,3,0,44,285,1,0
215,4,77,52,93,7,15,594,285,1,0
216,4,67,47,285,7,1,596,250,1,0
217,13,50,14,160,7,15,390,304,1,0
219,8,52,54,93,9,15,142,250,0,0
221,18,77,2,100,9,15,515,309,0,0
225,4,68,62,66,7,16,441,191,0,0
226,4,40,61,171,7,4,230,97,0,0
227,13,77,61,140,6,8,190,311,1,0
230,18,77,48,135,10,4,334,302,1,0
234,13,77,48,101,7,15,209,78,1,0
235,4,35,13,160,10,4,588,302,1,0
238,4,35,73,110,9,15,122,155,1,0
246,18,18,40,285,7,11,562,0,0,0
248,18,35,62,279,7,11,596,191,0,0
250,4,35,68,93,7,15,210,241,0,0
251,4,50,48,93,10,11,506,256,1,0
264,4,52,61,67,7,8,357,39,0,0
266,4,35,48,176,10,5,164,30,1,0
268,18,63,71,105,7,15,204,235,0,0
271,17,74,33,159,6,0,227,88,1,1
272,14,35,19,106,9,15,479,309,0,0
277,5,28,60,219,7,2,179,123,0,0
278,4,9,62,279,10,11,536,304,0,0
279,4,77,48,93,7,4,299,304,1,0
280,18,66,62,257,7,15,546,310,0,0
284,13,35,61,93,7,4,441,75,0,0
286,0,52,61,171,10,15,302,49,1,0
291,4,31,48,177,10,4,210,5,1,0
295,4,77,42,94,7,11,520,127,1,0
296,4,77,52,93,7,8,326,285,1,0
297,4,77,52,180,7,11,516,285,1,0
303,4,67,61,160,7,15,93,54,1,0
305,4,70,40,127,7,11,45,304,0,0
307,18,52,48,278,7,8,441,309,0,0
308,9,52,34,199,6,8,501,304,1,0
310,4,52,61,67,7,14,67,41,0,0
315,18,52,61,93,5,15,64,11,0,0
323,14,35,48,93,7,11,592,285,0,0
1099,4,40,80,93,7,8,328,198,1,0
324,4,40,52,93,11,11,568,0,1,0
325,4,67,39,93,3,4,562,304,1,0
331,19,52,39,238,7,8,590,304,0,0
336,4,35,61,77,2,15,596,181,0,0
339,13,18,41,83,10,11,439,218,1,0
342,13,52,62,171,7,11,468,299,0,0
341,13,30,47,160,10,8,241,213,1,0
345,19,52,61,272,7,14,408,11,0,0
346,13,18,68,171,7,11,304,181,0,0
348,13,18,61,160,7,15,594,181,0,0
351,13,14,61,93,9,15,254,181,0,0
361,4,14,68,93,2,8,441,141,1,0
362,4,77,49,109,9,8,210,75,1,0
368,4,50,52,93,7,0,598,309,1,0
370,6,52,38,194,10,8,566,304,0,0
375,18,36,80,290,7,14,506,285,0,0
376,4,35,61,279,7,11,584,47,0,0
377,4,12,73,176,7,15,248,145,0,0
380,4,77,42,113,7,11,146,127,1,0
383,13,77,42,67,2,8,210,236,1,0
392,4,40,80,93,7,4,385,216,1,0
393,4,40,80,93,7,4,290,299,1,0
391,4,40,80,93,7,4,264,141,1,0
394,4,35,80,152,10,4,210,198,0,0
396,13,35,47,250,10,11,48,307,0,0
405,4,4,0,180,6,11,491,263,1,0
406,18,13,71,285,6,7,495,217,0,0
409,13,77,48,102,9,15,388,32,1,0
410,13,35,64,160,10,11,363,7,0,0
413,13,77,48,93,11,4,300,228,1,0
416,4,40,49,118,6,4,127,228,0,0
420,4,31,49,94,7,11,197,304,0,0
425,2,52,48,93,7,4,218,263,0,0
429,13,77,48,119,6,4,306,78,1,0
437,13,35,80,93,5,11,546,145,0,0
439,4,77,69,166,9,15,377,304,0,0
442,4,31,39,19,7,4,116,292,0,0
449,4,52,48,161,7,8,412,282,0,0
455,4,30,46,93,7,11,336,285,1,0
461,4,33,63,93,7,4,156,296,1,0
462,4,30,67,160,10,15,553,135,1,0
465,4,33,33,160,7,15,597,239,0,0
469,6,18,80,171,2,15,304,256,0,0
477,4,35,67,145,10,9,382,304,0,0
481,4,61,47,93,7,4,210,0,0,0
485,9,77,49,93,7,4,380,97,0,0
488,5,77,62,160,6,4,270,264,0,0
478,4,40,47,148,7,11,286,0,1,0
489,19,52,14,33,9,15,104,151,1,0
490,4,18,42,101,7,11,289,304,1,0
493,13,50,48,292,10,15,359,95,1,0
499,18,50,49,12,7,11,19,290,1,0
502,4,40,68,160,6,8,247,268,1,0
503,9,70,61,160,7,16,553,140,0,0
504,1,52,48,90,2,8,582,128,0,0
506,4,77,62,176,2,15,563,304,1,0
508,4,30,38,93,7,4,81,127,1,0
513,4,35,61,250,5,15,598,191,0,0
515,4,14,62,179,10,4,155,165,0,0
521,4,70,52,128,3,11,590,66,0,0
523,18,70,74,152,7,11,210,280,1,0
526,18,70,61,176,10,14,63,272,1,0
538,5,77,42,127,7,4,301,109,0,0
549,18,67,49,10,7,11,423,68,1,0
556,18,35,62,9,7,14,33,228,0,0
558,4,52,62,93,7,15,54,307,0,0
561,13,77,8,116,9,4,250,233,1,0
564,4,35,48,176,10,15,164,30,1,0
566,13,35,61,114,6,4,410,190,0,0
589,4,77,61,120,9,11,295,133,1,0
591,4,11,58,203,10,14,398,302,0,0
595,4,77,52,93,7,14,238,290,0,0
603,13,77,48,40,7,8,81,49,0,0
604,4,35,62,93,10,15,359,284,0,0
608,4,52,62,67,7,8,380,127,1,0
613,18,74,39,254,7,6,73,205,1,0
615,4,52,48,42,7,2,217,195,1,0
622,4,31,21,93,7,3,266,127,1,0
626,13,77,48,93,7,8,441,161,1,0
632,4,4,21,22,2,3,246,268,1,0
636,4,71,3,237,6,8,373,228,0,0
640,13,70,38,19,7,10,0,243,0,0
652,4,9,61,171,7,11,323,256,0,0
653,4,52,47,250,7,4,62,304,0,0
656,18,77,48,225,5,15,440,268,1,0
662,9,35,44,58,6,4,37,256,0,0
664,4,31,48,276,5,4,259,304,1,0
665,4,77,42,189,9,4,430,284,1,0
675,18,4,76,93,7,0,448,132,0,0
687,13,77,52,220,7,11,526,181,1,0
690,18,73,21,208,9,11,531,304,1,0
691,4,4,68,93,6,0,112,285,0,0
694,4,4,61,147,2,15,596,205,1,0
695,4,40,58,250,2,15,598,304,0,0
700,13,50,62,93,7,15,54,108,1,0
704,13,35,61,93,7,15,210,117,0,0
706,14,77,48,289,8,8,329,181,1,0
709,4,10,77,50,10,6,457,284,0,0
710,4,6,38,160,10,11,588,304,0,0
712,4,35,48,93,7,8,266,113,0,0
715,4,40,68,160,7,15,210,66,0,0
720,13,70,47,279,7,11,243,190,0,0
723,4,40,68,171,11,8,247,132,0,0
724,4,77,49,93,7,11,273,287,1,0
727,16,71,13,160,9,11,578,268,0,0
728,4,35,48,93,2,8,180,160,0,0
736,13,35,62,171,7,8,434,250,0,0
755,4,77,73,279,11,11,441,284,0,0
756,4,52,34,264,7,8,361,207,1,0
757,4,77,57,160,7,11,469,228,0,0
759,4,77,42,180,7,11,539,304,0,0
761,4,35,48,136,10,8,444,0,0,0
763,14,44,81,110,7,15,441,141,1,0
782,4,52,75,146,7,8,59,285,0,0
783,4,20,48,273,7,4,268,250,1,0
789,4,9,59,93,7,5,441,309,0,0
793,13,35,62,160,7,8,441,127,0,0
835,4,74,48,219,11,11,583,304,1,0
838,4,41,68,93,7,11,578,285,0,0
841,4,77,47,160,7,4,419,23,0,0
844,4,74,47,93,7,6,281,14,1,0
862,4,70,52,93,7,0,589,33,1,0
863,4,14,52,160,10,4,481,285,0,0
865,18,35,62,104,6,8,49,42,1,0
866,4,77,62,94,9,2,588,16,0,0
879,4,77,62,94,7,11,83,113,1,0
880,4,77,49,19,7,15,261,148,1,0
881,4,77,39,19,11,8,93,49,1,0
884,4,4,41,214,10,4,420,207,1,0
887,4,63,47,160,10,9,586,294,0,0
890,13,35,61,94,7,8,54,181,0,0
908,4,77,73,167,8,6,144,152,0,0
912,13,77,48,75,10,11,210,311,0,0
924,13,35,62,180,7,8,133,279,0,0
930,4,35,68,166,8,0,340,304,0,0
933,4,35,62,93,8,15,210,256,1,0
934,4,35,62,160,9,15,471,155,0,0
936,18,77,48,250,7,11,188,193,1,0
937,13,35,48,141,10,15,359,3,0,0
938,4,77,49,94,9,8,211,109,0,0
939,4,77,49,94,7,8,214,109,0,0
940,4,77,49,93,7,8,293,110,1,0
946,4,77,54,279,10,15,29,87,0,0
947,4,70,47,19,7,4,81,298,0,0
950,13,70,74,161,10,15,464,0,0,0
957,4,77,48,93,7,11,269,24,1,0
971,4,77,48,93,7,4,392,98,1,0
972,4,77,36,171,7,8,466,289,1,0
984,4,77,54,51,10,14,186,284,0,0
986,4,77,48,243,7,4,134,163,1,0
990,4,42,21,180,2,4,0,218,1,0
995,18,65,47,250,2,8,595,279,0,0
997,18,77,36,93,9,8,18,291,1,0
1006,5,31,39,64,7,4,582,127,1,0
1010,18,77,14,134,9,15,189,14,1,0
1022,13,30,61,266,7,11,210,75,1,0
1030,4,14,34,127,2,5,257,101,1,0
1031,13,77,48,67,7,15,561,24,1,0
1032,4,77,42,225,7,11,169,244,1,0
1035,13,77,67,63,6,4,185,304,0,0
1036,4,33,62,160,7,15,441,134,1,0
1039,15,21,62,93,7,15,528,284,1,0
1041,4,35,62,160,10,16,210,285,0,0
1045,4,52,61,67,7,8,327,0,0,0
1046,19,52,14,174,9,15,41,273,0,0
1052,4,31,62,139,6,4,596,66,0,0
1054,4,40,62,93,7,11,588,238,1,0
1061,13,50,61,93,7,15,180,194,0,0
1063,13,31,61,228,6,11,170,251,0,0
1066,4,77,48,180,7,15,598,285,1,0
1068,4,77,48,147,7,11,164,100,1,0
1071,4,77,52,93,7,4,318,268,1,0
1072,4,77,48,93,7,11,228,304,0,0
1076,4,77,48,180,7,15,359,268,1,0
1077,4,77,48,94,7,15,303,270,1,0
1079,4,40,2,40,10,6,116,73,0,0
1080,4,31,49,93,6,8,84,285,0,0
1081,13,77,48,215,7,15,389,186,1,0
1082,4,30,24,106,7,15,589,294,0,0
1083,4,74,48,160,10,15,89,279,1,0
1086,4,67,47,93,7,11,297,33,1,0
1087,4,18,41,70,10,14,595,304,1,0
1091,4,14,62,93,9,15,225,212,1,0
1092,13,77,39,72,10,4,86,284,1,0
1094,18,30,61,93,7,15,562,214,1,0
1095,4,71,43,179,9,11,0,197,0,0
585,13,70,48,290,2,15,425,218,0,0
540,13,14,67,171,2,15,2,82,0,0
140,4,30,61,93,2,8,194,21,1,0
602,18,30,62,168,6,15,469,291,1,0
427,4,77,80,171,2,8,9,102,0,0
164,4,77,67,280,2,11,132,250,1,0
701,4,67,61,25,10,9,360,48,1,0
440,4,77,66,171,10,15,4,52,1,0
522,13,14,48,219,1,8,552,228,0,0
676,13,4,14,171,1,15,294,78,1,0
573,18,35,62,93,7,11,336,191,0,0
592,13,77,59,113,6,15,192,187,0,0
925,18,35,62,160,9,11,381,181,0,0
752,4,77,61,127,2,11,113,197,1,0
907,4,77,62,172,2,11,90,285,1,0
285,8,77,67,19,2,11,5,285,1,0
13,1,52,38,250,7,11,596,11,0,0
991,13,35,61,250,1,11,598,222,0,0
257,4,35,80,93,2,15,297,299,0,0
738,4,77,67,171,10,15,94,92,0,0
164,4,77,67,280,2,16,132,250,1,0
1003,4,31,67,163,2,15,226,143,1,0
332,13,70,59,93,2,8,247,231,0,0
169,13,77,59,98,2,15,325,91,1,0
524,4,14,80,28,2,4,247,229,0,0
274,6,35,62,93,9,15,469,240,0,0
344,13,52,67,155,2,15,596,132,0,0
140,4,30,61,93,2,8,194,21,0,0
282,13,77,67,14,2,15,148,285,1,0
625,5,35,67,132,2,4,552,207,0,0
301,13,35,62,160,5,15,583,0,0,0
369,4,77,62,164,11,15,274,80,1,0
777,13,14,80,258,2,15,40,185,1,0
164,4,77,67,280,2,15,132,250,1,0
428,13,35,62,127,7,11,54,268,0,0
1055,13,50,62,279,1,15,359,71,0,0
162,4,14,80,29,2,15,7,251,0,0
762,4,27,63,216,9,11,441,263,0,0
349,4,35,80,160,2,15,151,127,1,0
122,0,52,31,250,10,11,290,54,0,0
63,4,14,55,19,7,11,93,1,0,0
525,4,14,61,28,10,8,93,250,1,0
505,13,52,61,160,7,15,145,136,0,0
528,6,52,67,142,6,14,6,99,0,0
655,4,77,61,267,2,8,596,291,0,0
56,13,35,80,127,2,11,399,183,0,0
249,18,78,61,285,7,6,596,268,1,0
480,4,19,61,176,0,15,232,285,1,0
1038,14,77,62,282,2,8,431,285,1,0
281,13,35,80,93,7,15,596,304,0,0
762,4,27,63,216,9,11,441,141,0,0
767,4,77,51,32,2,15,96,200,0,0
299,4,33,63,180,7,16,598,285,1,0
600,13,77,61,93,2,15,183,135,0,0
28,13,77,61,176,6,8,12,181,0,0
299,4,33,63,180,7,16,598,118,1,0
874,13,35,61,161,7,15,215,120,0,0
261,4,14,80,34,2,4,210,256,1,0
1009,18,30,62,168,6,15,469,291,1,0
555,4,77,62,160,2,11,483,274,0,0
270,4,14,80,26,2,4,147,127,1,0
258,4,14,80,34,2,4,266,256,0,0
486,5,31,67,162,2,15,243,152,1,0
655,4,77,61,267,2,11,596,291,0,0
184,4,74,74,32,10,11,173,256,0,0
928,4,27,70,93,2,15,247,228,0,0
703,4,40,59,161,7,8,492,256,1,0
259,4,35,67,160,2,14,472,70,0,0
989,4,77,80,131,1,15,187,145,0,0
263,4,35,62,113,6,15,152,240,0,0
374,4,14,53,19,7,4,277,109,0,0
422,4,14,80,26,2,8,93,279,0,0
734,4,77,48,286,2,15,106,241,0,0
778,4,35,61,93,10,15,153,37,0,0
367,19,52,51,175,2,15,303,25,0,0
831,4,77,62,93,9,11,161,285,0,0
778,4,35,61,93,10,16,101,38,0,0
1034,5,77,33,285,2,8,93,49,1,0
245,18,35,61,160,10,9,305,195,1,0
702,5,77,80,160,6,15,597,268,1,0
33,4,35,58,160,10,15,362,105,0,0
209,4,77,67,153,2,11,128,174,1,0
105,4,35,61,93,2,4,247,0,0,0
270,4,14,80,26,2,4,147,127,0,0
911,4,77,73,41,8,15,81,294,0,0
355,3,56,62,93,2,15,550,304,1,0
255,4,35,62,47,2,4,441,60,0,0
569,5,14,80,25,2,4,93,250,0,0
249,18,78,61,285,7,6,580,129,1,0
577,4,14,61,19,10,4,105,243,0,0
6,4,35,62,148,10,15,347,266,0,0
853,4,77,80,171,7,11,36,268,1,0
205,18,14,53,21,7,3,95,51,0,0
781,4,77,62,25,10,11,101,250,1,0
260,4,35,59,250,2,16,537,198,1,0
563,18,35,51,132,2,15,447,255,0,0
283,13,35,61,253,0,8,14,0,0,0
762,4,27,63,216,9,11,441,229,0,0
861,4,77,62,290,2,11,483,309,0,0
231,13,74,62,180,6,15,459,181,1,0
253,17,74,61,24,6,4,137,61,1,1
116,13,35,62,160,5,15,341,87,0,0
1002,4,33,62,160,6,15,81,127,1,0
517,4,14,80,173,2,4,248,141,0,0
209,4,77,67,153,2,11,128,255,1,0
382,4,78,61,268,7,15,252,291,1,0
355,3,56,62,93,2,15,550,285,1,0
209,4,77,67,153,2,11,128,290,1,0
209,4,77,67,153,2,11,128,141,1,0
505,4,52,61,160,10,15,145,136,0,0
233,13,35,62,250,2,15,0,127,0,0
729,18,77,59,93,2,8,211,304,1,0
734,4,77,48,286,2,15,106,241,1,0
696,4,50,62,160,10,11,333,0,0,0
205,4,14,53,21,7,3,95,51,1,0
674,13,4,14,171,1,15,294,127,0,0
17,4,35,61,160,10,9,345,267,0,0
932,4,35,80,113,2,8,165,285,0,0
781,4,77,62,25,10,11,101,250,0,0
1053,4,50,48,93,2,11,484,26,1,0
925,18,35,62,160,7,11,381,181,0,0
682,5,77,59,127,7,11,166,184,0,0
669,5,77,80,260,2,4,518,181,0,0
355,3,56,62,93,2,15,550,299,1,0
256,4,14,80,29,2,11,7,251,0,0
738,4,77,67,171,10,15,94,92,1,0
669,5,77,80,260,2,4,518,181,1,0
577,13,14,61,19,10,4,105,127,0,0
299,4,33,63,180,7,16,598,127,1,0
520,4,77,67,43,6,8,114,100,1,0
886,4,35,61,93,10,11,222,304,0,0
726,4,77,80,225,1,15,560,291,1,0
397,4,35,79,169,10,11,369,38,0,0
869,13,77,67,115,2,15,145,221,0,0
257,4,35,80,93,2,16,297,299,1,0
184,4,74,74,32,2,11,572,35,1,0
398,13,35,61,176,10,15,247,132,1,0
674,13,4,14,171,1,15,294,127,1,0
568,4,5,62,52,10,8,247,279,1,0
864,4,77,62,285,2,11,559,124,1,0
565,13,14,61,160,1,8,42,181,0,0
703,4,40,59,161,7,8,492,256,0,0
415,4,77,61,285,2,11,324,171,1,0
896,4,35,67,27,2,11,111,285,0,1
1038,14,77,62,282,2,15,431,285,1,0
886,4,35,61,93,10,11,222,284,0,0
886,4,35,61,93,10,11,222,269,1,0
896,4,35,67,27,2,11,111,285,1,0
1093,13,77,62,116,2,8,288,67,1,0
256,4,14,80,29,2,11,7,251,1,0
95,13,77,80,93,1,15,16,87,1,0
998,17,74,61,286,6,15,313,87,1,1
50,4,14,54,292,10,4,330,90,0,0
667,4,77,62,160,2,11,486,285,1,0
846,4,52,61,67,1,11,565,35,0,0
63,13,14,55,19,7,11,93,1,0,0
886,4,35,61,93,10,11,222,191,1,0
896,4,35,67,27,2,11,111,285,0,0
299,4,33,63,180,7,16,598,268,1,0
692,4,4,80,93,6,11,143,290,1,0
803,18,52,48,90,7,15,478,10,1,0
334,18,70,61,269,3,11,201,250,1,0
905,18,77,14,143,7,15,534,141,1,0
810,18,52,48,107,7,11,210,290,0,0
431,18,52,21,49,7,14,359,38,0,0
1007,18,77,39,76,7,11,173,304,0,0
1007,18,77,39,76,7,11,173,245,1,0
494,18,52,39,67,7,11,533,299,0,0
108,18,77,39,132,11,15,296,127,1,0
1100,18,67,1,180,3,8,167,49,0,0
804,18,52,39,67,7,8,580,9,0,0
104,18,65,48,179,10,11,414,181,1,0
661,18,52,21,83,7,11,409,210,0,0
821,18,52,48,75,7,4,566,272,0,0
104,18,65,48,179,10,11,414,239,1,0
813,18,52,21,205,7,14,332,8,1,0
830,18,52,62,285,7,11,506,57,1,0
431,18,52,21,49,7,14,359,38,1,0
764,18,35,39,124,7,8,321,140,0,0
1011,18,77,2,67,7,8,598,206,1,0
829,18,52,21,225,5,15,129,98,0,0
1100,18,67,1,180,3,8,167,49,1,0
826,18,52,21,207,10,15,316,284,0,0
809,18,52,39,207,7,15,473,256,1,0
798,18,52,48,44,7,15,159,277,1,0
830,18,52,62,285,7,11,129,285,0,0
334,18,70,61,269,7,11,208,127,0,0
811,18,52,62,160,7,8,529,229,1,0
811,18,52,62,160,2,8,529,229,0,0
802,18,52,48,279,1,15,581,145,1,0
811,18,52,62,160,8,8,529,229,1,0
828,18,52,48,280,5,14,418,23,0,0
806,18,52,21,205,7,8,259,5,1,0
813,18,52,21,205,7,14,332,8,0,0
167,18,74,20,60,7,11,592,309,1,0
945,18,77,21,130,7,14,79,85,1,0
822,18,52,21,250,3,4,565,199,0,0
421,20,22,21,221,7,11,342,0,0,0
113,18,63,20,206,7,15,506,280,0,0
830,18,52,62,285,7,11,414,78,1,0
322,18,52,21,252,7,11,417,207,0,0
267,18,35,48,127,2,15,199,207,1,0
804,18,52,39,67,7,8,580,9,1,0
104,18,65,48,179,10,11,414,127,1,0
830,18,52,62,285,7,11,281,172,0,0
840,18,52,39,138,7,14,546,299,0,0
800,18,52,48,161,7,15,294,5,0,0
247,18,35,39,147,7,8,449,87,0,0
795,18,23,21,206,7,16,535,268,0,0
797,18,52,20,93,7,11,533,127,0,0
827,18,52,20,81,10,15,316,281,0,0
113,18,63,20,206,7,15,506,118,0,0
104,18,65,48,179,10,11,414,165,1,0
146,18,77,45,279,10,11,343,181,0,0
805,18,52,39,207,5,15,322,149,1,0
113,18,63,20,206,7,14,506,285,0,0
805,18,52,39,207,5,15,322,149,0,0
812,18,52,48,91,5,14,411,38,1,0
421,20,22,21,221,7,15,506,0,1,0
800,18,52,48,161,7,15,294,5,1,0
776,18,52,38,86,7,11,206,191,0,0
981,19,52,48,113,7,8,99,158,0,0
811,18,52,62,160,7,8,529,229,0,0
825,18,52,48,160,7,15,476,249,1,0
334,18,70,61,269,2,11,596,304,1,0
811,18,52,62,160,9,8,529,229,1,0
823,18,52,48,279,5,15,418,23,0,0
550,18,67,20,37,7,10,401,196,1,0
830,18,52,62,285,7,11,0,268,1,0
824,18,52,39,18,7,16,216,33,1,0
643,18,70,20,88,9,11,149,304,1,0
334,18,70,61,269,11,11,164,287,1,0
801,18,52,39,68,7,15,68,107,1,0
814,18,52,34,138,7,8,591,299,1,0
267,18,35,48,127,7,15,199,207,0,0
83,18,35,21,263,10,11,450,127,0,0
812,18,52,48,91,5,14,411,38,0,0
287,19,52,14,54,9,15,446,142,0,0
133,18,77,39,94,9,6,480,243,0,0
824,18,52,39,18,7,16,216,33,0,0
641,18,70,34,259,7,14,164,152,0,0
167,18,74,20,60,7,11,161,309,1,0
300,20,60,14,250,7,11,252,0,1,0
475,18,50,21,254,8,11,454,127,1,0
820,18,52,39,75,7,14,513,304,0,0
133,18,77,39,94,9,11,480,243,0,0
607,18,52,48,68,7,14,295,0,0,0
334,18,70,61,269,7,11,531,290,0,0
798,18,52,48,44,7,15,159,277,0,0
1051,18,30,47,62,10,12,435,42,0,0
113,18,63,20,206,7,15,506,126,0,0
475,18,50,21,254,8,11,454,293,1,0
334,18,70,61,269,7,11,419,6,0,0
799,18,52,39,180,7,15,595,276,1,0
643,18,70,20,88,10,11,149,268,0,0
797,18,52,20,93,2,11,572,239,0,0
311,19,52,38,67,9,8,596,2,0,0
732,19,52,48,54,7,15,578,273,0,0
809,18,52,39,207,7,15,473,256,0,0
815,18,52,39,213,7,8,353,166,1,0
811,18,52,62,160,1,8,529,229,1,0
808,18,52,39,279,7,15,582,146,0,0
146,18,77,45,279,10,11,343,89,1,0
1007,18,77,39,76,7,11,173,191,0,0
607,18,52,48,68,7,14,295,0,1,0
811,18,52,62,160,6,8,529,229,1,0
819,18,52,38,160,7,11,441,256,0,0
267,18,35,48,127,1,15,199,207,1,0
820,18,52,39,75,7,14,513,304,1,0
828,18,52,48,280,5,14,418,23,1,0
803,18,52,48,90,7,15,478,10,0,0
811,18,52,62,160,0,8,529,229,0,0
300,20,60,14,250,7,11,252,0,0,0
822,18,52,21,250,7,4,565,199,0,0
104,18,65,48,179,10,11,414,304,1,0
807,18,52,39,56,7,10,351,176,0,0
104,18,65,48,179,10,11,414,9,1,0
104,18,65,48,179,10,11,414,250,1,0
426,18,52,21,264,1,8,395,214,1,0
104,18,65,48,179,10,11,414,0,1,0
819,18,52,38,160,11,11,441,256,0,0
817,18,52,39,75,7,8,580,276,0,0
806,18,52,21,205,7,8,259,5,0,0
1007,18,77,39,76,7,11,173,299,0,0
381,18,78,38,11,9,4,488,249,0,0
821,18,52,48,75,7,4,566,272,1,0
818,18,52,20,207,7,11,536,304,0,0
819,18,52,38,160,3,11,441,256,0,0
378,18,77,39,250,7,11,597,309,0,0
430,18,52,39,17,7,14,562,38,0,0
797,18,52,20,93,9,11,192,140,0,0
816,18,52,47,279,7,15,580,304,0,0
840,18,52,39,138,7,14,546,299,1,0
822,18,52,21,250,0,4,565,199,0,0
808,18,52,39,279,7,15,582,146,1,0
475,18,50,21,254,8,11,454,253,1,0
668,18,49,38,67,9,11,207,218,0,0
167,18,74,20,60,7,11,312,309,1,0
378,18,77,39,250,7,11,597,309,1,0
830,18,52,62,285,7,11,380,127,0,0
104,18,65,48,179,10,11,414,249,1,0
267,18,35,48,127,10,15,199,207,0,0
1007,18,77,39,76,7,11,173,11,1,0
797,18,52,20,93,10,11,473,127,0,0
509,18,52,20,93,10,9,472,0,1,0
421,20,22,21,221,7,4,390,0,0,0
815,18,52,39,213,7,8,353,166,0,0
795,18,23,21,206,7,16,535,268,1,0
810,18,52,48,107,7,11,210,290,1,0
764,18,35,39,124,7,8,321,140,1,0
817,18,52,39,75,7,8,580,276,1,0
718,4,52,34,93,7,16,562,304,0,0
163,6,77,39,93,10,16,261,228,0,0
909,4,77,44,93,7,14,255,294,1,0
190,4,50,47,93,7,6,583,84,0,0
265,4,77,39,180,9,11,579,299,1,0
54,14,65,38,93,9,16,458,285,0,0
220,4,61,21,199,11,16,354,33,0,0
725,13,77,39,227,10,8,168,20,0,0
29,6,61,20,181,11,16,144,285,1,0
453,4,50,20,250,10,8,596,217,1,0
535,13,77,39,93,7,11,441,181,1,0
29,6,61,20,181,11,16,352,285,0,0
1012,9,77,33,11,7,16,506,104,0,0
878,9,64,39,147,7,11,572,294,0,0
190,4,50,47,93,7,6,583,181,0,0
484,4,58,13,176,9,15,52,11,0,0
843,4,77,39,76,7,16,451,127,1,0
688,13,45,20,112,9,8,179,181,0,0
859,4,61,20,210,11,6,175,55,0,0
587,4,61,39,250,11,16,591,0,0,0
163,6,77,39,93,10,16,210,246,0,0
948,13,35,20,250,7,8,503,4,0,0
948,13,35,20,92,7,4,503,229,0,0
671,6,77,38,123,11,8,381,268,1,0
948,13,35,20,250,7,15,503,304,0,0
717,4,52,34,93,7,11,371,304,0,0
787,4,61,21,130,8,11,107,284,0,0
54,14,65,38,160,7,15,596,78,0,0
717,4,52,34,93,7,5,371,304,0,0
102,4,47,13,237,7,6,306,83,1,0
190,4,50,47,93,7,6,583,304,0,0
1097,4,72,39,263,11,15,488,263,0,0
548,18,62,20,228,11,8,82,239,1,0
172,13,61,38,190,8,8,589,304,0,0
57,14,65,34,250,11,16,0,229,0,0
160,4,52,47,160,8,11,136,268,0,0
111,6,54,14,116,9,15,140,127,0,0
29,6,61,20,181,11,16,131,285,0,0
1070,13,77,39,180,7,4,598,235,1,0
620,4,31,39,148,10,3,488,285,1,0
110,4,52,1,67,7,11,354,285,0,0
491,4,68,39,160,10,14,578,284,1,0
533,13,77,39,93,7,8,441,181,1,0
713,13,77,39,9,10,6,314,283,0,0
57,14,65,34,225,9,16,0,145,0,0
29,6,61,20,181,11,16,341,285,0,0
92,4,52,20,82,7,16,368,279,0,0
743,4,30,38,93,11,5,588,299,1,0
57,14,65,34,205,10,16,0,253,0,0
951,4,65,38,55,7,6,591,11,0,0
172,13,61,38,250,7,14,589,304,0,0
620,4,31,39,148,10,3,488,299,1,0
487,4,72,21,93,7,4,297,294,1,0
948,13,35,20,247,7,15,503,78,0,0
684,4,63,39,180,7,11,497,0,0,0
163,6,77,39,93,10,16,497,76,0,0
948,13,35,20,259,7,14,503,95,0,0
580,4,61,38,148,7,15,455,157,1,0
350,13,77,21,93,6,8,173,256,1,0
581,4,77,39,93,9,11,210,0,1,0
451,13,77,39,255,7,8,509,220,1,0
163,6,77,39,93,10,16,199,160,1,0
623,4,61,38,151,9,11,154,158,0,0
1014,17,74,33,158,9,11,500,234,1,1
4,4,35,38,237,10,8,406,0,0,0
951,4,65,38,55,7,6,591,268,0,0
153,4,61,20,218,7,16,379,285,0,0
66,4,48,38,84,8,16,356,228,1,0
433,13,50,21,255,8,11,319,190,1,0
102,4,47,13,59,7,15,51,287,1,0
1097,4,72,39,263,11,8,488,263,0,0
154,4,61,38,132,7,16,149,66,0,0
487,4,72,21,93,7,4,297,191,0,0
684,4,63,39,180,9,15,497,0,0,0
241,13,50,20,94,7,8,311,43,1,0
948,13,35,20,59,7,14,503,228,0,0
534,13,77,39,93,7,8,553,181,1,0
620,4,31,39,148,10,3,488,154,1,0
54,14,65,38,248,7,9,588,127,0,0
4,4,35,38,237,10,8,234,0,0,0
366,4,50,21,185,11,16,22,171,1,0
163,6,77,39,93,10,16,596,78,1,0
587,4,61,39,250,0,16,591,0,0,0
717,4,52,34,93,7,6,371,304,0,0
951,4,65,38,55,7,6,591,245,0,0
718,4,52,34,93,7,11,562,304,0,0
57,14,65,34,160,3,16,0,164,0,0
163,6,77,39,93,10,16,231,254,0,0
594,4,77,48,160,7,11,164,285,0,0
156,4,61,38,148,7,16,359,285,0,0
472,4,77,39,69,7,4,173,245,1,0
859,4,61,20,210,11,6,175,6,0,0
1019,4,77,39,74,7,11,231,127,1,0
587,4,61,39,250,10,16,591,0,0,0
948,13,35,20,82,7,4,503,33,0,0
837,4,43,20,171,7,15,118,285,1,0
620,4,31,39,148,10,3,488,253,1,0
453,4,50,20,250,2,16,596,33,1,0
948,13,35,20,279,7,15,503,105,0,0
948,13,35,20,93,7,11,503,127,0,0
4,4,35,38,237,10,8,544,0,0,0
366,4,50,21,185,11,16,22,304,1,0
948,13,35,20,244,7,15,503,27,0,0
54,14,65,38,290,10,15,211,127,0,0
1064,4,52,39,20,7,4,496,144,1,0
366,4,50,21,185,11,16,22,127,1,0
948,13,35,20,93,7,15,503,127,0,0
717,4,52,34,93,7,8,371,304,0,0
620,4,31,39,148,10,3,488,116,1,0
859,4,61,20,210,11,6,175,253,1,0
472,4,77,39,69,7,15,173,256,0,0
718,4,52,34,93,7,8,562,304,0,0
948,13,35,20,132,7,15,503,87,0,0
843,4,77,39,76,7,16,451,256,0,0
718,4,52,34,93,7,15,562,304,0,0
29,6,61,20,181,11,16,450,285,1,0
54,14,65,38,250,7,11,28,93,0,0
836,6,70,39,121,7,11,1,38,0,0
859,4,61,20,210,11,6,175,164,1,0
29,6,61,20,181,11,16,500,285,0,0
29,6,61,20,181,11,16,118,285,1,0
4,4,35,38,237,10,8,244,0,0,0
175,4,40,38,149,7,11,125,0,0,0
29,6,61,20,181,11,16,442,285,0,0
472,4,77,39,69,7,16,173,304,1,0
472,4,77,39,69,7,15,173,164,0,0
1056,13,50,14,73,6,15,219,128,0,0
787,4,61,21,130,8,11,107,115,1,0
171,13,61,38,245,5,8,282,228,0,0
1060,13,50,21,77,11,4,507,127,0,0
1097,5,72,39,263,11,4,488,263,0,0
859,4,61,20,210,11,6,175,304,0,0
54,14,65,38,279,2,8,41,58,0,0
185,13,61,21,250,11,15,81,87,0,0
859,4,61,20,210,11,6,175,218,0,0
175,4,40,38,149,7,11,125,119,0,0
1027,6,61,20,35,11,3,591,294,0,0
175,4,40,38,149,7,11,125,294,0,0
185,13,61,21,250,11,15,240,0,0,0
718,4,52,34,93,7,4,562,304,0,0
580,4,61,38,148,7,15,455,304,1,0
4,4,35,38,237,10,8,198,0,0,0
837,4,43,20,144,8,15,118,6,1,0
456,13,50,21,94,7,4,449,93,1,0
102,4,47,13,80,10,11,598,38,1,0
29,6,61,20,181,11,16,474,285,0,0
4,4,35,38,237,10,8,185,0,0,0
684,4,63,39,180,7,6,497,0,0,0
1060,13,50,21,77,11,4,507,89,0,0
472,4,77,39,69,7,16,173,127,1,0
175,4,40,38,149,7,11,125,259,0,0
684,4,63,39,180,5,7,497,0,0,0
54,14,65,38,160,6,15,488,182,0,0
185,13,61,21,250,11,16,589,87,0,0
320,4,50,39,171,11,14,76,265,0,0
172,13,61,38,180,7,11,589,304,0,0
1019,4,77,39,74,7,11,231,19,0,0
909,4,77,44,93,7,14,255,294,0,0
190,4,50,47,93,7,6,583,255,0,0
185,13,61,21,250,11,8,481,137,0,0
102,4,47,13,160,7,4,488,77,1,0
1027,6,61,20,35,11,3,454,294,0,0
171,13,61,38,186,2,5,574,293,0,0
684,4,63,39,180,3,16,497,0,0,0
927,4,72,27,7,7,11,336,304,0,0
1020,4,77,21,196,7,11,514,219,1,0
855,4,52,39,160,7,8,445,230,0,0
269,4,52,38,255,7,8,352,246,0,0
958,4,77,21,198,7,16,437,304,1,0
128,4,52,2,180,7,8,0,174,0,0
464,4,57,21,189,9,15,549,145,0,0
1075,4,77,21,205,7,4,536,256,1,0
395,4,77,38,270,10,8,568,305,0,0
512,4,61,21,188,11,9,70,256,1,0
161,4,52,21,206,7,15,359,33,1,0
516,4,72,20,11,7,11,101,294,0,0
1044,18,30,20,250,7,11,488,25,1,0
902,9,61,20,187,7,16,504,181,0,0
953,4,52,39,93,7,8,247,207,1,0
516,4,72,20,11,9,11,498,294,0,0
51,4,72,20,219,7,6,404,285,0,0
476,4,52,21,219,7,6,61,17,0,0
1044,18,30,20,250,7,11,488,299,1,0
27,4,77,20,20,9,6,212,103,1,0
516,4,72,20,11,7,11,265,294,1,0
959,4,77,21,5,7,14,494,299,1,0
856,4,77,21,225,7,11,374,245,0,0
904,4,61,20,184,7,16,562,191,1,0
1096,18,30,20,278,0,16,582,117,1,0
464,4,57,21,189,9,15,549,191,1,0
876,4,77,39,218,10,6,223,40,0,0
195,4,77,21,186,3,16,175,87,0,0
697,18,30,21,195,7,11,576,228,1,0
979,4,77,21,182,7,16,171,175,1,0
786,4,52,21,230,7,14,532,262,0,0
1085,4,52,14,147,7,11,305,307,0,0
956,4,77,21,82,7,11,250,279,1,0
854,4,52,21,217,7,11,282,310,0,0
1096,18,30,20,278,6,16,582,117,1,0
275,13,77,21,180,7,11,413,304,0,0
964,4,77,21,206,7,6,172,65,1,0
993,18,0,20,269,6,16,133,181,0,0
1073,4,77,39,250,7,11,541,304,1,0
1020,4,77,21,196,7,11,514,304,1,0
1074,4,77,21,194,7,11,505,0,1,0
903,4,61,20,183,7,16,554,9,1,0
993,18,0,20,250,9,15,87,38,0,0
126,13,52,38,199,10,15,376,167,0,0
464,4,57,21,189,9,15,549,87,0,0
155,4,61,20,6,7,6,78,0,0,0
337,14,52,21,229,7,14,359,300,0,0
70,5,57,38,199,7,15,538,304,0,0
697,18,30,21,195,7,11,48,228,1,0
1096,18,30,20,278,7,16,582,117,1,0
242,4,52,20,250,7,11,532,66,0,0
982,4,77,39,180,7,11,380,304,1,0
708,9,77,39,204,8,11,150,191,0,0
1044,18,30,20,250,7,11,488,129,1,0
444,4,35,39,225,7,11,306,273,1,0
854,4,52,21,217,7,15,207,16,0,0
128,4,52,2,180,7,8,23,174,0,0
901,4,61,20,183,7,11,371,285,0,0
242,4,52,20,250,7,11,532,228,0,0
304,4,77,21,205,7,16,493,97,0,0
902,18,61,20,187,7,16,504,78,0,0
953,4,52,39,93,7,8,247,207,0,0
70,5,57,38,199,2,15,538,304,0,0
98,4,67,20,16,7,9,577,173,0,0
1065,4,77,21,80,7,11,511,271,1,0
956,4,77,21,82,7,15,250,279,1,0
70,5,57,38,199,4,15,538,304,0,0
337,14,52,21,229,4,14,359,300,0,0
900,4,61,20,184,7,16,371,292,0,0
159,4,77,39,94,7,11,562,279,0,0
902,4,61,20,187,7,16,504,42,1,0
242,4,52,20,250,7,11,532,5,0,0
857,4,52,21,226,7,6,504,219,1,0
970,4,77,21,93,7,11,305,291,1,0
128,4,52,2,180,7,8,505,174,0,0
242,4,52,20,250,7,11,532,285,0,0
1096,18,30,20,278,9,16,582,117,1,0
1074,4,77,21,194,7,11,505,284,1,0
464,4,57,21,189,9,15,549,161,1,0
960,4,77,39,225,9,11,221,129,1,0
337,14,52,21,229,2,14,359,300,0,0
1044,18,30,20,250,7,11,488,283,1,0
516,4,72,20,11,8,11,598,294,0,0
697,18,30,21,195,7,11,385,228,1,0
954,4,2,20,200,7,11,373,127,0,0
7,4,35,38,285,10,11,545,256,0,0
697,18,30,21,195,7,11,342,228,1,0
516,4,72,20,11,7,11,589,294,0,0
128,4,52,2,180,7,8,210,174,0,0
516,4,72,20,11,1,11,133,294,0,0
993,18,0,20,206,9,15,503,285,0,0
304,4,77,21,205,7,16,493,304,0,0
128,4,52,2,180,7,8,572,174,0,0
901,4,61,20,183,7,11,371,285,1,0
876,4,77,39,218,10,6,223,42,0,0
94,4,52,20,67,7,11,553,275,0,0
954,4,2,20,200,7,11,373,194,0,0
854,4,52,21,217,7,15,7,0,0,0
128,4,52,2,180,7,8,597,174,1,0
900,4,61,20,184,7,16,371,290,1,0
876,4,77,39,218,10,6,223,154,0,0
516,4,72,20,11,7,11,455,294,1,0
903,4,61,20,183,7,16,554,309,1,0
903,4,61,20,183,7,16,554,217,0,0
242,4,52,20,250,7,11,532,60,0,0
242,4,52,20,250,7,11,532,290,0,0
1096,18,30,20,278,10,16,582,117,1,0
200,4,19,61,180,0,16,554,87,1,0
993,18,0,20,181,10,15,443,279,0,0
858,4,52,21,193,7,16,337,287,1,0
1020,4,77,21,196,7,11,514,149,1,0
858,4,52,21,193,7,16,337,245,1,0
856,4,72,21,225,7,11,374,245,1,0
903,4,61,20,183,7,16,554,115,0,0
958,4,77,21,198,7,16,437,285,1,0
855,4,52,39,160,7,8,445,230,1,0
902,13,61,20,187,7,16,504,78,0,0
200,4,19,61,180,0,16,554,127,1,0
858,4,52,21,193,7,16,337,228,1,0
993,18,0,20,11,7,5,595,42,0,0
854,4,52,21,217,7,11,133,111,0,0
1074,4,77,21,194,7,11,505,304,1,0
1044,18,30,20,250,7,11,488,141,1,0
854,4,52,21,217,7,8,133,246,0,0
854,4,52,21,217,7,15,596,0,1,0
444,4,35,39,225,7,11,335,132,0,0
856,4,61,21,225,7,11,374,245,0,0
854,4,52,21,217,7,6,394,309,1,0
697,18,30,21,195,7,11,433,228,1,0
876,4,77,39,218,10,6,223,6,0,0
1074,4,77,21,194,7,11,505,256,1,0
1020,4,77,21,196,7,11,514,76,1,0
200,4,19,61,180,0,16,554,132,1,0
128,4,52,2,180,7,8,14,174,1,0
876,4,77,39,218,10,6,223,127,0,0
993,18,0,20,113,10,16,125,209,0,0
516,4,72,20,11,9,11,259,294,0,0
858,4,52,21,193,7,16,337,0,0,0
858,4,52,21,193,7,16,337,29,1,0
516,4,72,20,11,2,11,341,294,0,0
954,4,2,20,200,7,11,373,299,0,0
833,13,35,61,250,9,11,54,145,0,0
507,4,35,62,274,6,14,574,285,0,0
330,13,77,48,31,2,15,294,123,0,0
598,13,77,80,117,6,15,184,138,0,0
582,4,77,80,175,6,11,359,304,1,0
647,4,52,48,224,7,11,81,122,0,0
436,4,35,62,93,2,8,347,33,0,0
666,4,4,67,53,2,11,265,253,1,0
992,4,70,62,284,7,11,58,268,0,0
218,4,77,62,113,7,8,323,228,1,0
611,4,77,59,250,6,15,149,285,0,0
19,4,70,62,279,3,4,589,268,0,0
839,4,77,62,290,9,8,297,69,1,0
1088,4,40,59,171,7,15,365,16,1,0
19,4,70,62,279,3,6,589,251,0,0
897,4,77,59,134,2,4,211,285,0,0
443,4,14,67,13,2,11,105,242,0,0
689,14,77,48,152,2,4,487,42,0,0
765,13,35,62,290,5,15,596,181,0,0
790,13,77,61,279,9,15,240,132,0,0
514,4,35,62,279,7,15,596,268,0,0
507,4,35,62,274,6,14,574,88,0,0
1021,13,77,62,285,1,8,589,78,1,0
329,4,14,80,172,2,8,153,11,0,0
352,13,77,62,113,5,11,207,13,0,0
570,4,35,80,280,10,8,100,292,0,0
240,4,35,61,160,7,11,336,299,0,0
474,4,31,67,19,2,11,210,250,0,0
737,4,77,62,171,2,8,259,71,1,0
19,4,70,62,279,3,8,589,250,0,0
586,4,14,80,170,2,4,222,185,0,0
790,13,77,61,279,7,15,240,132,1,0
955,13,70,48,11,3,15,208,239,0,0
559,13,77,62,171,1,15,307,11,0,0
240,4,35,61,143,7,15,336,20,0,0
19,4,70,62,279,3,1,589,60,0,0
328,4,35,80,93,2,11,210,294,0,0
240,4,35,61,227,2,15,336,249,0,0
833,13,35,61,59,10,6,54,118,0,0
949,13,77,80,277,6,8,195,95,1,0
386,4,35,62,284,7,8,465,108,0,0
872,4,35,62,279,7,11,72,191,0,0
507,4,35,62,274,10,14,574,127,0,0
330,13,77,48,31,2,15,294,123,1,0
570,4,35,80,280,10,8,100,292,1,0
833,13,35,61,180,7,8,54,239,0,0
507,4,35,62,274,7,14,574,256,0,0
12,13,77,80,180,7,11,81,135,0,0
12,13,77,80,247,7,11,81,135,0,0
955,13,70,48,11,3,15,208,239,1,0
897,4,77,59,134,2,4,211,285,1,0
254,4,77,80,175,2,8,201,254,0,0
790,13,77,61,279,9,15,240,132,1,0
443,4,14,67,13,2,11,105,242,1,0
12,13,77,80,143,7,15,81,135,0,0
12,13,77,80,69,9,15,81,135,0,0
507,4,35,62,274,11,14,574,123,0,0
507,4,35,62,274,7,14,574,304,0,0
454,4,50,62,160,6,15,57,60,1,0
891,13,35,62,279,7,11,596,127,0,0
240,4,35,61,111,9,15,336,11,0,0
839,4,77,62,290,2,8,297,69,0,0
507,4,35,62,274,7,14,574,38,0,0
833,13,35,61,245,10,15,54,127,0,0
454,4,50,62,160,6,15,57,122,1,0
329,4,14,80,172,2,8,153,11,1,0
790,13,77,61,279,6,15,240,132,0,0
19,4,70,62,279,3,16,589,279,0,0
328,4,35,80,93,2,11,210,279,0,0
790,13,77,61,279,8,15,240,132,1,0
790,13,77,61,279,7,15,240,132,0,0
586,4,14,80,170,2,4,222,255,1,0
839,4,77,62,290,5,8,297,69,1,0
12,13,77,80,93,7,15,81,135,0,0
454,4,50,62,160,6,15,57,56,1,0
328,4,35,80,93,2,11,210,13,1,0
1021,13,77,62,285,1,8,589,78,0,0
507,4,35,62,274,9,14,574,228,0,0
19,4,70,62,279,3,15,589,158,0,0
19,4,70,62,279,3,9,589,152,0,0
19,4,70,62,279,3,4,589,127,0,0
790,13,77,61,279,0,15,240,132,1,0
12,13,77,80,279,9,14,81,135,0,0
19,4,70,62,279,3,10,589,127,0,0
328,4,35,80,93,2,11,210,145,1,0
240,4,35,61,193,7,15,336,76,0,0
328,4,35,80,93,2,11,210,68,0,0
328,4,35,80,93,2,11,210,160,0,0
833,13,35,61,176,10,11,54,33,0,0
586,4,14,80,170,2,4,222,250,1,0
737,4,77,62,171,2,8,259,71,0,0
586,4,14,80,170,2,4,222,285,0,0
12,13,77,80,93,7,16,81,135,0,0
839,4,77,62,290,7,8,297,69,1,0
19,4,70,62,279,3,8,589,145,0,0
12,13,77,80,160,7,15,81,135,0,0
586,4,14,80,170,2,4,222,191,0,0
586,4,14,80,170,2,4,222,304,1,0
833,13,35,61,206,7,16,54,181,0,0
19,4,70,62,279,3,15,589,14,0,0
240,4,35,61,93,7,15,336,253,0,0
586,4,14,80,170,2,4,222,216,0,0
239,13,35,13,109,4,15,424,119,0,0
918,13,35,9,231,7,15,407,132,0,0
711,13,4,14,171,10,15,331,118,1,0
583,18,14,9,195,7,15,198,83,0,0
373,18,35,13,147,9,15,182,77,0,0
943,13,4,9,93,9,15,27,182,1,0
1058,13,31,14,174,9,15,423,125,0,0
898,4,38,4,180,7,15,415,127,1,0
999,9,29,11,101,6,15,566,284,0,0
583,18,14,9,195,7,15,198,83,1,0
1023,6,1,16,209,7,15,429,304,0,0
127,6,44,62,94,7,15,210,285,1,0
117,4,4,13,111,9,15,406,209,1,0
996,13,77,13,166,9,15,380,154,1,0
40,13,4,14,171,7,15,394,131,1,0
584,13,4,9,132,9,15,28,135,1,0
182,4,4,71,93,7,15,406,79,1,0
40,13,4,14,171,11,15,394,131,1,0
1067,4,77,2,199,9,15,598,127,1,0
14,6,25,71,244,7,15,443,229,0,0
1058,13,30,14,174,9,15,423,125,0,0
1024,13,31,14,140,6,15,196,185,0,0
850,4,35,13,160,9,15,469,127,0,0
1059,13,50,6,279,9,15,281,181,1,0
1059,13,50,6,279,9,15,281,181,0,0
496,13,35,7,180,7,15,359,304,1,0
1067,4,77,2,199,10,15,598,127,1,0
1067,4,77,2,199,7,15,598,127,1,0
760,5,52,18,285,9,15,588,228,0,0
711,13,4,14,171,7,15,331,118,1,0
898,4,38,4,180,7,15,415,127,0,0
918,13,35,9,231,7,15,407,132,1,0
174,14,77,14,287,9,8,306,152,1,0
495,13,35,61,189,7,15,359,304,0,0
852,14,77,16,285,9,15,474,127,1,0
127,6,44,62,94,7,15,210,285,0,0
677,13,4,14,171,9,15,418,3,1,0
852,14,77,16,285,9,15,474,127,0,0
1058,13,77,14,174,9,15,423,125,0,0
1058,13,35,14,174,9,15,423,125,0,0
711,13,4,14,171,9,15,331,118,1,0
127,6,44,62,94,10,15,210,285,0,0
40,13,4,14,171,2,15,394,131,1,0
496,13,35,7,180,7,15,359,304,0,0
127,6,44,62,94,6,15,210,285,0,0
760,5,52,18,285,9,15,588,228,1,0
711,13,4,14,171,5,15,331,118,1,0
614,18,14,10,157,6,15,264,293,0,0
1058,13,57,14,174,9,15,423,125,0,0
1067,4,77,2,199,2,15,598,127,1,0
614,18,14,10,157,6,15,264,293,1,0
495,13,35,61,189,7,15,359,304,1,0
495,13,35,61,189,9,15,359,304,1,0
174,14,77,14,287,9,8,306,152,0,0
1058,13,4,14,174,9,15,423,125,0,0
495,13,35,61,189,10,15,359,304,0,0
495,13,35,61,189,9,15,359,304,0,0
711,13,4,14,171,11,15,331,118,1,0
127,6,44,62,94,9,15,210,285,1,0
127,6,44,62,94,9,15,210,285,0,0
850,4,35,13,160,9,15,469,127,1,0
356,6,52,13,144,9,15,81,52,0,0
536,13,77,47,93,1,15,597,54,1,0
510,4,35,74,171,10,11,441,122,0,0
466,4,75,65,94,9,15,596,38,1,0
357,4,52,14,93,2,15,594,127,0,0
542,4,67,1,2,7,11,490,97,1,0
356,6,52,13,144,10,15,32,249,0,0
920,12,69,0,180,2,15,596,245,1,0
532,13,77,13,93,9,15,469,127,1,0
657,4,35,62,160,10,11,596,76,0,0
466,4,75,65,94,9,15,596,304,1,0
466,4,75,65,94,9,15,596,141,1,0
779,10,8,8,199,9,15,472,145,1,0
136,4,59,74,61,9,15,458,240,1,0
115,4,48,48,180,9,11,544,304,1,0
553,4,35,47,199,10,9,143,304,1,0
75,14,44,60,160,9,15,596,154,1,0
467,4,4,13,201,9,15,469,219,1,0
237,13,35,61,171,9,11,306,127,1,0
75,14,44,60,160,9,15,596,294,0,0
71,13,35,62,160,9,15,38,105,0,0
920,12,69,0,180,7,15,24,207,1,0
553,4,35,47,199,10,9,596,304,1,0
780,4,57,9,94,9,15,441,141,1,0
527,13,35,62,160,7,15,587,27,0,0
411,11,21,72,219,7,11,598,137,1,0
518,4,52,14,92,7,15,595,218,0,0
510,4,35,74,171,10,11,342,122,0,0
510,4,35,74,171,10,11,141,122,1,0
657,4,35,62,160,10,15,596,0,0,0
780,4,57,9,94,9,15,555,141,0,0
115,4,48,48,180,9,4,544,304,1,0
137,4,31,8,250,2,15,305,127,0,0
356,6,52,13,144,9,15,38,299,0,0
363,4,35,61,279,10,11,572,145,1,0
356,6,52,13,144,7,15,596,127,1,0
539,4,59,61,93,9,15,260,141,1,0
780,4,57,9,94,7,15,149,141,1,0
497,4,67,13,94,7,15,584,127,1,0
920,12,69,0,180,7,15,372,190,1,0
363,4,35,61,279,10,11,572,228,0,0
920,12,69,0,180,10,15,563,33,0,0
75,14,44,60,160,9,15,596,87,0,0
510,4,35,74,171,10,11,469,122,1,0
356,6,52,13,144,9,15,123,257,1,0
510,4,35,74,171,10,11,264,122,0,0
115,4,48,48,180,9,15,544,304,1,0
497,4,67,13,94,7,15,584,228,1,0
539,4,59,61,93,9,15,260,141,0,0
75,14,44,60,160,9,15,596,191,1,0
237,13,35,61,171,9,15,306,127,0,0
553,4,35,47,199,10,9,341,304,1,0
411,11,21,72,219,7,11,598,149,1,0
553,4,35,47,199,10,9,594,304,0,0
920,12,69,0,180,7,15,265,292,1,0
75,14,44,60,160,9,15,596,0,1,0
411,11,21,72,219,7,11,598,13,1,0
497,4,67,13,94,7,15,584,78,1,0
510,4,35,74,171,10,11,574,122,1,0
497,4,67,13,94,7,15,584,11,1,0
657,4,35,62,160,10,4,596,304,0,0
780,4,57,9,94,3,15,467,141,0,0
483,4,58,61,166,9,15,162,285,1,0
510,4,35,74,171,10,11,149,122,1,0
920,12,69,0,180,9,15,469,304,1,0
780,4,57,9,94,7,15,278,141,0,0
363,4,35,61,279,10,11,572,42,1,0
510,4,35,74,171,10,11,579,122,1,0
71,13,35,62,160,7,15,38,105,0,0
780,4,57,9,94,7,15,144,141,0,0
356,6,52,13,144,7,15,381,152,0,0
363,4,35,61,279,10,11,572,191,1,0
466,4,75,65,94,9,15,596,309,1,0
115,4,48,48,180,9,3,544,304,1,0
137,4,14,8,250,7,15,305,127,0,0
411,11,21,72,219,7,11,598,291,0,0
356,6,52,13,144,7,15,385,285,0,0
920,12,69,0,180,11,15,506,40,1,0
363,4,35,61,279,10,11,572,304,1,0
356,6,52,13,144,7,15,381,49,1,0
363,4,35,61,279,10,11,572,219,0,0
75,14,44,60,160,9,15,596,116,1,0
657,4,35,62,160,10,16,596,127,0,0
657,4,35,62,160,10,8,596,127,0,0
137,4,44,8,250,7,15,305,127,1,0
553,4,35,47,199,10,9,134,304,1,0
71,13,35,62,160,3,15,38,105,0,0
137,4,52,8,250,7,15,305,127,1,0
510,4,35,74,171,10,11,341,122,0,0
497,4,67,13,94,7,15,584,87,1,0
137,4,77,8,250,0,15,305,127,1,0
920,12,69,0,180,6,15,488,228,0,0
657,4,35,62,160,10,15,596,228,0,0
497,4,67,13,94,7,15,584,100,1,0
356,6,52,13,144,2,15,321,228,1,0
510,4,35,74,171,10,11,111,122,0,0
510,4,35,74,171,10,11,202,122,0,0
920,12,69,0,180,7,15,162,84,1,0
411,11,21,72,219,7,11,598,250,0,0
356,6,52,13,144,7,15,312,5,1,0
137,4,61,8,250,10,15,305,127,0,0
356,6,52,13,144,5,15,443,229,0,0
510,4,35,74,171,10,11,95,122,1,0
466,4,75,65,94,9,15,596,127,1,0
356,6,52,13,144,9,15,222,127,0,0
553,4,35,47,199,10,9,469,304,0,0
75,14,44,60,160,9,15,596,100,1,0
411,11,21,72,219,7,11,598,285,0,0
780,4,57,9,94,9,15,178,141,0,0
237,13,35,61,171,9,11,306,127,0,0
466,4,75,65,94,9,15,596,89,1,0
920,12,69,0,180,7,15,323,141,1,0
657,4,35,62,160,10,15,596,256,0,0
780,4,57,9,94,2,15,52,141,1,0
356,6,52,13,144,7,15,531,242,1,0
780,4,57,9,94,9,15,207,141,1,0
780,4,57,9,94,7,15,422,141,0,0
363,4,35,61,279,10,11,572,127,0,0
356,6,52,13,144,7,15,27,235,1,0
237,13,35,61,171,9,8,306,127,0,0
363,4,35,61,279,10,11,572,35,0,0
137,4,74,8,250,9,15,305,127,0,0
411,11,21,72,219,7,11,598,279,0,0
510,4,35,74,171,10,11,359,122,1,0
553,4,35,47,199,10,9,207,304,0,0
363,4,35,61,279,10,11,572,205,0,0
920,12,69,0,180,9,15,285,127,0,0
356,6,52,13,144,7,15,596,249,1,0
75,14,44,60,160,9,15,596,228,0,0
137,4,4,8,250,9,15,305,127,0,0
75,14,44,60,160,9,15,596,309,1,0
75,14,44,60,160,9,15,596,31,1,0
553,4,35,47,199,10,9,444,304,0,0
657,4,35,62,160,10,4,596,228,0,0
137,4,30,8,250,9,15,305,127,0,0
75,14,44,60,160,9,15,596,219,0,0
920,12,69,0,180,7,15,116,0,0,0
657,4,35,62,160,10,11,596,279,0,0
657,4,35,62,160,10,11,596,147,0,0
466,4,75,65,94,9,15,596,232,1,0
237,13,35,61,171,9,16,306,127,0,0
137,4,52,8,250,7,15,305,127,0,0
313,4,52,61,250,7,15,164,87,0,0
983,4,52,47,244,7,15,101,40,1,0
749,4,77,48,247,9,11,134,228,1,0
733,4,52,62,285,7,15,376,127,1,0
419,4,57,38,250,7,15,531,256,0,0
1040,4,52,48,259,7,11,282,36,0,0
313,4,52,61,250,7,8,164,87,1,0
916,4,52,39,250,3,11,359,285,0,0
1089,4,77,21,234,7,8,165,68,0,0
733,4,52,62,285,7,15,423,127,0,0
733,4,52,62,285,7,15,105,127,0,0
309,4,52,47,246,7,8,522,84,0,0
419,4,57,38,250,7,15,531,304,0,0
177,4,40,58,279,10,11,552,304,1,0
1057,13,50,61,279,7,15,432,76,0,0
129,13,35,61,284,10,15,312,0,0,0
746,7,52,54,248,9,15,469,145,0,0
314,19,52,39,279,2,11,553,87,1,0
53,4,52,47,250,7,15,475,285,0,0
746,7,52,54,248,9,15,469,145,1,0
1057,13,50,61,279,10,15,432,76,1,0
917,4,52,39,253,2,11,164,268,0,0
719,13,77,48,279,9,15,306,152,0,0
913,19,2,39,168,9,11,464,127,0,0
916,4,52,39,250,9,11,359,285,0,0
983,4,52,47,244,7,15,151,181,0,0
312,4,52,38,238,7,4,116,87,1,0
916,4,52,39,250,7,11,359,285,0,0
313,4,52,61,250,7,16,164,87,1,0
579,14,51,61,279,7,15,441,228,0,0
313,4,52,61,250,7,8,164,87,0,0
915,4,52,39,249,7,15,523,299,0,0
748,19,52,71,168,7,15,335,127,0,0
579,14,51,61,161,7,15,441,228,1,0
983,4,52,47,244,7,15,23,228,1,1
313,4,52,61,250,7,4,164,87,1,0
419,4,57,38,250,7,15,531,3,0,0
177,4,40,58,279,10,11,552,304,0,0
748,19,52,71,168,5,15,335,127,0,0
419,4,57,38,250,7,15,531,279,0,0
314,19,52,39,279,1,4,553,87,1,0
1057,13,50,61,279,7,15,432,76,1,0
719,13,77,48,279,9,15,306,152,1,0
1057,13,50,61,279,10,15,432,76,0,0
748,19,52,71,168,8,15,335,127,0,0
913,19,2,39,168,7,11,464,127,0,0
419,4,57,38,250,7,15,531,135,0,0
913,19,2,39,168,10,11,464,127,0,0
747,10,4,54,291,9,15,472,145,1,0
579,14,51,61,144,7,15,441,228,1,0
53,4,52,47,250,9,8,475,103,0,0
313,4,52,61,250,7,4,164,87,0,0
579,14,51,61,273,7,15,441,228,0,0
53,4,52,47,250,6,8,475,185,0,0
419,4,57,38,250,7,15,531,127,0,0
733,4,52,62,285,7,15,467,127,0,0
419,4,57,38,250,7,15,531,68,0,0
53,4,52,47,250,7,8,475,284,0,0
312,4,52,38,238,7,8,61,87,0,0
313,4,52,61,250,7,16,164,87,0,0
579,14,51,61,250,7,15,441,228,1,0
313,4,52,61,250,7,15,164,87,1,0
579,14,51,61,253,7,15,441,228,0,0
53,4,52,47,250,7,4,475,78,0,0
312,4,52,38,238,7,4,478,87,0,0
419,4,57,38,250,7,15,531,229,0,0
1057,13,50,61,279,2,15,432,76,1,0
53,4,52,47,250,10,15,475,285,0,0
312,4,52,38,238,7,16,447,87,0,0
748,19,52,71,168,9,15,335,127,0,0
53,4,52,47,250,7,15,475,192,0,0
312,4,52,38,238,7,15,56,87,0,0
748,19,52,71,168,6,15,335,127,0,0
983,4,52,47,244,7,15,592,3,1,0
312,4,52,38,238,7,16,441,87,0,0
733,4,52,62,285,7,15,297,127,1,0
313,4,52,61,250,7,11,164,87,1,0
314,19,52,39,279,9,15,553,87,0,0
983,4,52,47,244,7,15,469,96,0,0
733,4,52,62,285,7,15,23,127,0,0
53,4,52,47,250,7,8,475,78,0,0
53,4,52,47,250,2,0,475,141,0,0
983,4,52,47,244,7,15,294,57,1,0
579,14,51,61,171,7,15,441,228,1,0
314,19,52,39,279,9,15,553,87,1,0
419,4,57,38,250,7,15,531,284,0,0
579,14,51,61,195,7,15,441,228,1,0
312,4,52,38,238,7,8,422,87,1,0
53,4,52,47,250,7,11,475,127,0,0
916,4,52,39,250,11,11,359,285,0,0
579,14,51,61,273,7,15,441,228,1,0
983,4,52,47,244,7,15,565,33,1,0
917,4,52,39,253,9,11,164,268,0,0
917,4,52,39,253,11,11,164,268,0,0
983,4,52,47,244,7,15,87,71,1,0
917,4,52,39,253,10,11,164,268,0,0
312,4,52,38,238,7,15,498,87,1,0
917,4,52,39,253,7,11,164,268,0,0
917,4,52,39,253,8,11,164,268,0,0
312,4,52,38,238,7,16,589,87,0,0
53,4,52,47,250,7,11,475,78,0,0
53,4,52,47,250,2,3,475,127,0,0
916,4,52,39,250,10,11,359,285,0,0
733,4,52,62,285,7,15,588,127,1,0
314,19,52,39,279,2,8,553,87,1,0
312,4,52,38,238,7,6,472,87,1,0
983,4,52,47,244,7,15,210,76,0,0
314,19,52,39,279,7,15,553,87,1,0
733,4,52,62,285,7,15,536,127,1,0
913,19,2,39,168,2,11,464,127,0,0
53,4,52,47,250,7,6,475,0,0,0
579,14,51,61,287,7,15,441,228,0,0
314,19,52,39,279,9,8,553,87,0,0
983,4,52,47,244,7,15,467,228,1,0
916,4,52,39,250,6,11,359,285,0,0
983,4,52,47,244,7,15,508,285,1,0
983,4,52,47,244,7,15,331,145,0,0
579,14,51,61,151,7,15,441,228,0,0
53,4,52,47,250,2,15,475,97,0,0
419,4,57,38,250,7,15,531,0,0,0
53,4,52,47,250,7,15,475,214,0,0
733,4,52,62,285,7,15,247,127,0,0
913,19,2,39,168,6,11,464,127,0,0
529,4,35,57,166,9,11,133,127,0,0
1042,4,35,48,160,7,15,469,255,0,0
714,4,14,2,126,9,15,103,115,1,0
541,4,77,37,151,7,8,449,228,0,0
529,4,35,57,166,9,11,133,127,1,0
1098,4,77,23,250,9,11,506,230,1,0
714,4,14,2,126,9,8,103,115,0,0
714,4,14,2,126,9,15,103,115,0,0
106,4,77,57,148,9,11,498,167,0,0
541,4,77,37,151,2,8,449,228,0,0
90,4,77,21,59,7,4,455,217,1,0
65,4,48,38,255,0,16,596,256,1,0
794,4,77,39,19,7,11,244,211,1,0
252,4,77,45,273,10,8,456,280,0,0
18,4,72,21,279,10,4,278,290,0,0
1050,4,50,25,165,7,16,342,164,0,0
650,4,74,27,250,9,5,467,181,0,0
1049,4,14,38,239,9,8,506,40,0,0
1098,4,77,23,250,9,11,506,250,1,0
90,4,77,21,59,7,9,455,217,1,0
228,4,77,21,202,7,16,506,245,0,0
1098,4,77,23,250,9,11,506,189,1,0
554,4,34,47,130,9,16,469,93,0,0
1078,4,77,48,148,7,4,508,235,1,0
106,4,77,57,148,9,11,498,127,0,0
893,4,77,39,147,7,16,229,194,1,0
554,4,34,47,130,9,16,469,127,0,0
541,4,77,37,151,7,8,449,228,1,0
106,4,77,57,148,9,11,498,147,0,0
106,4,77,57,148,9,11,498,142,0,0
650,4,74,27,250,9,5,467,217,0,0
106,4,77,57,148,9,11,498,152,0,0
650,4,74,27,250,9,5,467,304,0,0
106,4,77,57,148,9,11,498,219,0,0
893,6,77,39,147,7,16,229,194,1,0
541,4,77,37,151,10,8,449,228,0,0
875,13,77,20,273,7,16,138,160,1,0
554,4,34,47,130,9,16,469,174,0,0
554,4,34,47,130,9,16,469,294,0,0
714,4,14,2,126,9,16,103,115,0,0
1098,4,77,23,250,9,11,506,93,1,0
90,4,77,21,59,7,15,455,217,1,0
90,4,77,21,59,7,16,455,217,1,0
650,4,74,27,250,9,5,467,46,0,0
554,4,34,47,130,9,16,469,0,0,0
554,4,34,47,130,9,16,469,135,0,0
541,4,77,37,151,9,8,449,228,0,0
1049,4,14,38,239,9,8,506,40,1,0
893,13,77,39,147,7,16,229,194,1,0
90,4,77,21,59,7,11,455,217,1,0
554,4,34,47,130,9,16,469,87,0,0
650,4,74,27,250,9,5,467,263,0,0
1098,4,77,23,250,9,11,506,122,1,0
106,4,77,57,148,9,11,498,211,0,0
714,4,14,2,126,9,16,103,115,1,0
106,4,77,57,148,9,11,498,182,0,0
1098,4,77,23,250,9,11,506,141,1,0
650,4,74,27,250,9,5,467,1,0,0
554,4,34,47,130,9,16,469,89,0,0
554,4,34,47,130,9,16,469,285,0,0
1098,4,77,23,250,9,11,506,118,1,0
650,4,74,27,250,9,5,467,123,0,0
554,4,34,47,130,9,16,469,268,0,0
1098,4,77,23,250,9,11,506,65,1,0
106,4,77,57,148,9,11,498,100,0,0
714,4,14,2,126,9,7,103,115,1,0
714,4,14,2,126,9,11,103,115,1,0
106,4,77,57,148,9,11,498,165,0,0
1098,4,77,23,250,9,11,506,285,1,0
1098,4,77,23,250,9,11,506,0,1,0
541,4,77,37,151,5,8,449,228,1,0
650,4,74,27,250,9,5,467,254,0,0
90,4,77,21,59,7,8,455,217,1,0
554,4,34,47,130,9,16,469,219,0,0
714,4,14,2,126,9,8,103,115,1,0
106,4,77,57,148,9,11,498,6,0,0
90,4,77,21,59,7,6,455,217,1,0
554,4,34,47,130,9,16,469,304,0,0
106,4,77,57,148,9,11,498,75,0,0
106,4,77,57,148,9,11,498,13,0,0
541,4,77,37,151,9,8,449,228,1,0
432,4,77,71,125,9,15,32,127,1,0
151,4,77,14,45,8,11,133,56,1,0
772,4,4,47,237,9,15,284,249,1,0
1026,4,52,47,243,7,3,576,294,0,0
769,1,4,39,263,9,15,437,290,1,0
678,13,4,14,171,9,15,51,78,1,0
152,4,15,47,279,9,11,488,6,0,0
768,4,4,47,237,9,15,284,249,1,0
138,4,9,47,160,10,16,3,0,0,0
769,1,4,38,259,9,15,371,156,1,0
769,1,4,62,250,9,15,165,249,1,0
152,4,15,47,279,9,6,488,6,0,0
151,4,77,14,45,10,11,133,56,1,0
138,4,9,47,250,10,16,3,0,0,0
290,19,53,14,178,5,15,143,145,0,0
152,4,15,47,279,7,11,488,6,0,0
76,13,24,48,285,9,15,433,304,0,0
771,4,4,14,171,6,15,144,147,0,0
1016,4,19,47,245,8,11,442,141,1,0
76,13,24,48,285,9,15,433,304,1,0
771,4,4,14,171,5,15,144,147,0,0
152,4,15,47,279,9,8,488,6,0,0
67,4,48,57,248,0,16,531,268,1,0
771,4,4,14,171,10,15,144,147,0,0
679,13,4,14,171,10,15,388,137,0,0
769,1,4,47,37,9,15,469,233,1,0
769,1,4,52,94,9,15,51,96,1,0
771,4,4,14,171,9,15,144,147,1,0
1026,4,52,47,243,9,3,576,294,1,0
1016,1,19,47,245,8,11,442,141,1,0
1016,18,19,47,245,8,11,442,141,1,0
1026,4,52,47,243,10,3,576,294,0,0
1016,19,19,47,245,8,11,442,141,1,0
138,4,9,47,117,10,16,3,0,0,0
771,4,4,14,171,8,15,144,147,0,0
151,4,77,14,45,5,11,133,56,1,0
679,13,4,14,171,9,15,388,137,1,0
138,4,9,47,59,10,16,3,0,0,0
138,4,9,47,278,10,16,3,0,0,0
152,4,15,47,279,3,15,488,6,0,0
679,13,4,14,171,6,15,388,137,1,0
151,4,77,14,45,7,11,133,56,1,0
679,13,4,14,171,5,15,388,137,0,0
1016,14,19,47,245,8,11,442,141,1,0
152,4,15,47,279,9,5,488,6,0,0
771,4,4,14,171,7,15,144,147,0,0
771,4,4,14,171,2,15,144,147,1,0
138,4,9,47,67,10,16,3,0,0,0
1016,13,19,47,245,8,11,442,141,1,0
151,4,77,14,45,9,11,133,56,1,0
1016,6,19,47,245,8,11,442,141,1,0
771,4,4,14,171,7,15,144,147,1,0
1026,4,52,47,243,9,3,576,294,0,0
771,4,4,14,171,9,15,144,147,0,0
679,13,4,14,171,7,15,388,137,1,0
152,4,15,47,279,9,4,488,6,0,0
679,13,4,14,171,5,15,388,137,1,0
679,13,4,14,171,7,15,388,137,0,0
1026,4,52,47,243,10,3,576,294,1,0
679,13,4,14,171,1,15,388,137,1,0
1026,4,52,47,243,7,3,576,294,1,0
769,1,4,21,189,9,15,247,211,1,0
138,4,9,47,237,10,16,3,0,0,0
138,4,9,47,279,10,16,3,0,0,0
138,4,9,47,45,10,16,3,0,0,0
769,1,4,14,250,9,15,553,285,1,0
152,4,15,47,279,7,15,488,6,0,0
679,13,4,14,171,4,15,388,137,0,0
152,4,15,47,279,2,15,488,6,0,0
138,4,9,47,93,10,16,3,0,0,0
769,1,4,13,245,9,15,544,75,1,0
138,4,9,47,184,10,16,3,0,0,0
152,4,15,47,279,11,15,488,6,0,0
138,4,9,47,86,10,16,3,0,0,0
152,4,15,47,279,7,8,488,6,0,0
769,1,4,21,44,9,15,529,191,1,0
679,13,4,14,171,9,15,388,137,0,0
138,4,9,47,259,10,16,3,0,0,0
769,1,4,39,93,9,15,429,285,1,0
769,1,4,21,216,9,15,113,127,1,0
138,4,9,47,199,10,16,3,0,0,0
152,4,15,47,279,8,4,488,6,0,0
771,4,4,14,171,10,15,144,147,1,0
769,1,4,48,105,9,15,445,279,1,0
679,13,4,14,171,10,15,388,137,1,0
769,1,4,0,103,9,15,583,89,1,0
138,4,9,47,217,10,16,3,0,0,0
769,1,4,9,171,9,15,309,27,1,0
659,14,35,14,279,5,15,469,89,0,0
447,4,14,48,263,10,6,116,57,0,0
931,4,35,47,160,10,11,469,60,0,0
1084,4,31,39,160,6,16,328,272,1,0
873,4,14,67,161,2,8,56,250,0,0
693,13,4,38,97,7,16,555,87,1,0
931,4,35,47,160,10,9,469,60,0,0
617,13,35,73,279,7,15,0,181,0,0
659,14,35,14,279,5,15,144,89,0,0
847,13,74,14,94,7,15,422,14,1,0
359,4,77,39,250,7,4,87,127,1,0
447,4,14,48,263,10,6,116,57,1,0
635,4,77,39,259,7,1,92,93,1,0
276,4,40,48,148,10,11,461,287,0,0
894,18,77,39,259,7,4,149,127,0,0
935,4,35,48,160,10,8,525,191,0,0
894,18,77,39,259,7,4,149,309,0,0
77,4,77,48,250,6,15,131,96,1,0
894,18,77,39,259,7,4,149,0,0,0
847,13,74,14,287,7,15,422,14,1,0
931,4,35,47,160,10,15,469,60,1,0
894,18,77,39,259,7,4,149,128,0,0
832,13,35,80,93,7,15,23,181,0,0
77,4,77,48,250,6,15,131,96,0,0
873,4,14,67,161,2,8,56,250,1,0
1084,4,31,39,160,6,16,328,194,1,0
847,13,74,14,171,2,15,422,14,1,0
894,18,77,39,259,7,4,149,217,0,0
894,18,77,39,259,7,4,149,68,0,0
1084,4,31,39,160,6,16,328,268,1,0
1084,4,31,39,160,6,16,328,147,1,0
894,18,77,39,259,7,4,149,174,0,0
659,14,35,14,279,5,15,432,89,0,0
659,14,35,14,279,5,15,353,89,0,0
659,14,35,14,279,5,15,0,89,0,0
894,18,77,39,259,7,4,149,78,0,0
847,13,74,14,279,7,15,422,14,1,0
847,13,74,14,11,10,15,422,14,1,0
894,18,77,39,259,7,4,149,256,0,0
1084,4,31,39,160,6,16,328,152,1,0
894,18,77,39,259,7,4,149,241,0,0
659,14,35,14,279,5,15,438,89,0,0
894,18,77,39,259,7,4,149,145,0,0
931,4,35,47,160,10,4,469,60,1,0
1084,4,31,39,160,6,16,328,285,1,0
847,13,74,14,16,7,15,422,14,1,0
931,4,35,47,160,10,16,469,60,1,0
1084,4,31,39,160,6,16,328,240,1,0
847,13,74,14,165,7,15,422,14,1,0
894,18,77,39,259,7,4,149,140,0,0
847,13,74,14,263,7,15,422,14,1,0
1084,4,31,39,160,6,16,328,304,1,0
1084,4,31,39,160,6,16,328,181,1,0
659,14,35,14,279,5,15,596,89,0,0
894,18,77,39,259,7,4,149,285,0,0
1084,4,31,39,160,6,16,328,256,1,0
847,13,74,14,160,10,15,422,14,1,0
894,18,77,39,259,7,4,149,250,0,0
894,18,77,39,259,7,4,149,77,0,0
894,18,77,39,259,7,4,149,57,0,0
931,4,35,47,160,10,4,469,60,0,0
931,4,35,47,160,10,16,469,60,0,0
1084,4,31,39,160,6,16,328,239,1,0
931,4,35,47,160,10,8,469,60,1,0
659,14,35,14,279,5,15,233,89,0,0
1084,4,31,39,160,6,16,328,292,1,0
847,13,74,14,127,6,15,422,14,1,0
659,14,35,14,279,5,15,328,89,0,0
847,13,74,14,72,2,15,422,14,1,0
894,18,77,39,259,7,4,149,147,0,0
659,14,35,14,279,5,15,359,89,0,0
894,18,77,39,259,7,4,149,12,0,0
659,14,35,14,279,5,15,28,89,0,0
659,14,35,14,279,5,15,306,89,0,0
894,18,77,39,259,7,4,149,211,0,0
847,13,74,14,160,7,15,422,14,1,0
659,14,35,14,279,5,15,449,89,0,0
1084,4,31,39,160,6,16,328,56,1,0
659,14,35,14,279,5,15,278,89,0,0
1084,4,31,39,160,6,16,328,145,1,0
1084,4,31,39,160,6,16,328,36,1,0
847,13,74,14,132,10,15,422,14,1,0
847,13,74,14,269,7,15,422,14,1,0
659,14,35,14,279,5,15,549,89,0,0
931,4,35,47,160,10,15,469,60,0,0
659,14,35,14,279,5,15,418,89,0,0
659,14,35,14,279,5,15,555,89,0,0
931,4,35,47,160,10,14,469,60,0,0
1084,4,31,39,160,6,16,328,65,1,0
931,4,35,47,160,10,8,469,60,0,0
659,14,35,14,279,5,15,103,89,0,0
894,18,77,39,259,7,4,149,181,0,0
847,13,74,14,175,7,15,422,14,1,0
931,4,35,47,160,10,11,469,60,1,0
894,18,77,39,259,7,4,149,23,0,0
894,18,77,39,259,7,4,149,87,0,0
894,18,77,39,259,7,4,149,38,0,0
894,18,77,39,259,7,4,149,118,0,0
847,13,74,14,165,11,15,422,14,1,0
659,14,35,14,279,5,15,474,89,0,0
894,18,77,39,259,7,4,149,33,0,0
659,14,35,14,279,5,15,442,89,0,0
659,14,35,14,279,5,15,424,89,0,0
